-- phpMyAdmin SQL Dump
-- version 5.0.2
-- https://www.phpmyadmin.net/
--
-- Host: 127.0.0.1
-- Generation Time: Aug 30, 2020 at 03:41 PM
-- Server version: 8.0.21
-- PHP Version: 7.3.11

SET SQL_MODE = "NO_AUTO_VALUE_ON_ZERO";
START TRANSACTION;
SET time_zone = "+00:00";


/*!40101 SET @OLD_CHARACTER_SET_CLIENT=@@CHARACTER_SET_CLIENT */;
/*!40101 SET @OLD_CHARACTER_SET_RESULTS=@@CHARACTER_SET_RESULTS */;
/*!40101 SET @OLD_COLLATION_CONNECTION=@@COLLATION_CONNECTION */;
/*!40101 SET NAMES utf8mb4 */;

--
-- Database: `weather`
--

-- --------------------------------------------------------

--
-- Table structure for table `countries`
--

CREATE TABLE `countries` (
  `countryId` int NOT NULL,
  `countryName` varchar(20) NOT NULL,
  `countryImg` varchar(20) DEFAULT NULL
) ENGINE=InnoDB DEFAULT CHARSET=utf8;

--
-- Dumping data for table `countries`
--

INSERT INTO `countries` (`countryId`, `countryName`, `countryImg`) VALUES
(1, '嘉義縣', NULL),
(2, '新北市', NULL),
(3, '嘉義市', NULL),
(4, '新竹縣', NULL),
(5, '新竹市', NULL),
(6, '臺北市', NULL),
(7, '臺南市', NULL),
(8, '宜蘭縣', NULL),
(9, '苗栗縣', NULL),
(10, '雲林縣', NULL),
(11, '花蓮縣', NULL),
(12, '臺中市', NULL),
(13, '臺東縣', NULL),
(14, '桃園市', NULL),
(15, '南投縣', NULL),
(16, '高雄市', NULL),
(17, '金門縣', NULL),
(18, '屏東縣', NULL),
(19, '基隆市', NULL),
(20, '澎湖縣', NULL),
(21, '彰化縣', NULL),
(22, '連江縣', NULL);

-- --------------------------------------------------------

--
-- Table structure for table `weather1w`
--

CREATE TABLE `weather1w` (
  `weather1wId` int NOT NULL,
  `countryId` int NOT NULL,
  `startTime` datetime NOT NULL,
  `endTime` datetime NOT NULL,
  `weather` varchar(100) NOT NULL,
  `storeDate` datetime NOT NULL
) ENGINE=InnoDB DEFAULT CHARSET=utf8mb4 COLLATE=utf8mb4_0900_ai_ci;

--
-- Dumping data for table `weather1w`
--

INSERT INTO `weather1w` (`weather1wId`, `countryId`, `startTime`, `endTime`, `weather`, `storeDate`) VALUES
(1, 10, '2020-08-30 12:00:00', '2020-08-30 18:00:00', '多雲午後短暫雷陣雨。降雨機率 60%。溫度攝氏30至34度。悶熱至易中暑。偏北風 風速2級(每秒2公尺)。相對濕度76%。', '2020-08-30 16:48:40'),
(2, 10, '2020-08-30 18:00:00', '2020-08-31 06:00:00', '晴時多雲。降雨機率 20%。溫度攝氏25至29度。舒適至悶熱。偏南風 風速2級(每秒2公尺)。相對濕度93%。', '2020-08-30 16:48:40'),
(3, 10, '2020-08-31 06:00:00', '2020-08-31 18:00:00', '多雲午後短暫雷陣雨。降雨機率 40%。溫度攝氏25至33度。舒適至悶熱。西北風 風速2級(每秒2公尺)。相對濕度78%。', '2020-08-30 16:48:40'),
(4, 10, '2020-08-31 18:00:00', '2020-09-01 06:00:00', '多雲。降雨機率 10%。溫度攝氏26至29度。舒適至悶熱。西南風 風速2級(每秒2公尺)。相對濕度92%。', '2020-08-30 16:48:40'),
(5, 10, '2020-09-01 06:00:00', '2020-09-01 18:00:00', '多雲午後短暫雷陣雨。降雨機率 30%。溫度攝氏25至33度。舒適至易中暑。西北風 風速2級(每秒2公尺)。相對濕度72%。', '2020-08-30 16:48:40'),
(6, 10, '2020-09-01 18:00:00', '2020-09-02 06:00:00', '多雲短暫陣雨。降雨機率 30%。溫度攝氏26至29度。舒適至悶熱。偏南風 風速2級(每秒2公尺)。相對濕度85%。', '2020-08-30 16:48:40'),
(7, 10, '2020-09-02 06:00:00', '2020-09-02 18:00:00', '多雲短暫陣雨。溫度攝氏26至33度。舒適至易中暑。西南風 風速2級(每秒2公尺)。相對濕度72%。', '2020-08-30 16:48:40'),
(8, 10, '2020-09-02 18:00:00', '2020-09-03 06:00:00', '多雲短暫陣雨。溫度攝氏26至29度。舒適至悶熱。偏南風 風速2級(每秒2公尺)。相對濕度87%。', '2020-08-30 16:48:40'),
(9, 10, '2020-09-03 06:00:00', '2020-09-03 18:00:00', '多雲短暫陣雨。溫度攝氏26至33度。舒適至易中暑。西南風 風速2級(每秒2公尺)。相對濕度72%。', '2020-08-30 16:48:40'),
(10, 10, '2020-09-03 18:00:00', '2020-09-04 06:00:00', '多雲短暫陣雨。溫度攝氏25至29度。舒適至悶熱。偏西風 風速<= 1級(每秒1公尺)。相對濕度90%。', '2020-08-30 16:48:40'),
(11, 10, '2020-09-04 06:00:00', '2020-09-04 18:00:00', '多雲短暫陣雨。溫度攝氏25至33度。舒適至易中暑。偏東風 風速<= 1級(每秒1公尺)。相對濕度77%。', '2020-08-30 16:48:40'),
(12, 10, '2020-09-04 18:00:00', '2020-09-05 06:00:00', '多雲短暫陣雨。溫度攝氏25至29度。舒適至悶熱。偏南風 風速2級(每秒2公尺)。相對濕度86%。', '2020-08-30 16:48:40'),
(13, 10, '2020-09-05 06:00:00', '2020-09-05 18:00:00', '多雲短暫陣雨。溫度攝氏25至33度。舒適至易中暑。偏南風 風速2級(每秒2公尺)。相對濕度75%。', '2020-08-30 16:48:40'),
(14, 10, '2020-09-05 18:00:00', '2020-09-06 06:00:00', '多雲時晴。溫度攝氏25至29度。舒適至悶熱。偏南風 風速2級(每秒2公尺)。相對濕度88%。', '2020-08-30 16:48:40'),
(15, 15, '2020-08-30 12:00:00', '2020-08-30 18:00:00', '多雲午後短暫雷陣雨。降雨機率 70%。溫度攝氏31至33度。悶熱。西北風 風速<= 1級(每秒1公尺)。相對濕度71%。', '2020-08-30 16:48:40'),
(16, 15, '2020-08-30 18:00:00', '2020-08-31 06:00:00', '晴時多雲。降雨機率 20%。溫度攝氏25至30度。舒適至悶熱。偏南風 風速<= 1級(每秒1公尺)。相對濕度94%。', '2020-08-30 16:48:40'),
(17, 15, '2020-08-31 06:00:00', '2020-08-31 18:00:00', '多雲午後短暫雷陣雨。降雨機率 40%。溫度攝氏25至33度。舒適至悶熱。東北風 風速2級(每秒3公尺)。相對濕度74%。', '2020-08-30 16:48:40'),
(18, 15, '2020-08-31 18:00:00', '2020-09-01 06:00:00', '多雲。降雨機率 10%。溫度攝氏25至30度。舒適至悶熱。西南風 風速<= 1級(每秒1公尺)。相對濕度89%。', '2020-08-30 16:48:40'),
(19, 15, '2020-09-01 06:00:00', '2020-09-01 18:00:00', '多雲。降雨機率 20%。溫度攝氏25至34度。舒適至悶熱。西北風 風速2級(每秒2公尺)。相對濕度70%。', '2020-08-30 16:48:40'),
(20, 15, '2020-09-01 18:00:00', '2020-09-02 06:00:00', '多雲。降雨機率 10%。溫度攝氏25至30度。舒適至悶熱。東南風 風速2級(每秒2公尺)。相對濕度88%。', '2020-08-30 16:48:40'),
(21, 15, '2020-09-02 06:00:00', '2020-09-02 18:00:00', '多雲短暫陣雨。溫度攝氏25至33度。舒適至易中暑。偏南風 風速2級(每秒2公尺)。相對濕度68%。', '2020-08-30 16:48:40'),
(22, 15, '2020-09-02 18:00:00', '2020-09-03 06:00:00', '多雲。溫度攝氏26至30度。舒適至悶熱。東南風 風速<= 1級(每秒1公尺)。相對濕度88%。', '2020-08-30 16:48:40'),
(23, 15, '2020-09-03 06:00:00', '2020-09-03 18:00:00', '多雲短暫陣雨。溫度攝氏25至33度。舒適至易中暑。東南風 風速<= 1級(每秒1公尺)。相對濕度70%。', '2020-08-30 16:48:40'),
(24, 15, '2020-09-03 18:00:00', '2020-09-04 06:00:00', '多雲短暫陣雨。溫度攝氏25至30度。舒適至悶熱。東北風 風速<= 1級(每秒1公尺)。相對濕度88%。', '2020-08-30 16:48:40'),
(25, 15, '2020-09-04 06:00:00', '2020-09-04 18:00:00', '多雲短暫陣雨。溫度攝氏25至33度。舒適至易中暑。偏東風 風速<= 1級(每秒1公尺)。相對濕度74%。', '2020-08-30 16:48:40'),
(26, 15, '2020-09-04 18:00:00', '2020-09-05 06:00:00', '多雲短暫陣雨。溫度攝氏26至30度。舒適至悶熱。偏南風 風速<= 1級(每秒1公尺)。相對濕度87%。', '2020-08-30 16:48:40'),
(27, 15, '2020-09-05 06:00:00', '2020-09-05 18:00:00', '多雲短暫陣雨。溫度攝氏25至33度。舒適至易中暑。偏南風 風速<= 1級(每秒1公尺)。相對濕度72%。', '2020-08-30 16:48:40'),
(28, 15, '2020-09-05 18:00:00', '2020-09-06 06:00:00', '多雲時晴。溫度攝氏26至30度。舒適至悶熱。偏東風 風速<= 1級(每秒1公尺)。相對濕度88%。', '2020-08-30 16:48:40'),
(29, 22, '2020-08-30 12:00:00', '2020-08-30 18:00:00', '多雲短暫陣雨。降雨機率 30%。溫度攝氏29至31度。悶熱。東北風 風速5級(每秒8公尺)。相對濕度81%。', '2020-08-30 16:48:40'),
(30, 22, '2020-08-30 18:00:00', '2020-08-31 06:00:00', '多雲短暫陣雨。降雨機率 30%。溫度攝氏26至28度。舒適至悶熱。東北風 風速5級(每秒8公尺)。相對濕度92%。', '2020-08-30 16:48:40'),
(31, 22, '2020-08-31 06:00:00', '2020-08-31 18:00:00', '晴時多雲。降雨機率 10%。溫度攝氏27至31度。舒適至悶熱。東北風 風速5級(每秒8公尺)。相對濕度82%。', '2020-08-30 16:48:40'),
(32, 22, '2020-08-31 18:00:00', '2020-09-01 06:00:00', '多雲時晴。降雨機率 10%。溫度攝氏27至28度。舒適至悶熱。西北風 風速4級(每秒7公尺)。相對濕度91%。', '2020-08-30 16:48:40'),
(33, 22, '2020-09-01 06:00:00', '2020-09-01 18:00:00', '晴時多雲。降雨機率 10%。溫度攝氏27至32度。舒適至悶熱。偏南風 風速4級(每秒6公尺)。相對濕度70%。', '2020-08-30 16:48:40'),
(34, 22, '2020-09-01 18:00:00', '2020-09-02 06:00:00', '多雲。降雨機率 10%。溫度攝氏28至29度。悶熱。西南風 風速5級(每秒8公尺)。相對濕度90%。', '2020-08-30 16:48:40'),
(35, 22, '2020-09-02 06:00:00', '2020-09-02 18:00:00', '多雲。溫度攝氏28至32度。悶熱。西南風 風速4級(每秒6公尺)。相對濕度84%。', '2020-08-30 16:48:40'),
(36, 22, '2020-09-02 18:00:00', '2020-09-03 06:00:00', '多雲短暫陣雨。溫度攝氏28至29度。悶熱。西南風 風速4級(每秒7公尺)。相對濕度93%。', '2020-08-30 16:48:40'),
(37, 22, '2020-09-03 06:00:00', '2020-09-03 18:00:00', '多雲短暫陣雨。溫度攝氏27至31度。悶熱。東北風 風速4級(每秒7公尺)。相對濕度84%。', '2020-08-30 16:48:40'),
(38, 22, '2020-09-03 18:00:00', '2020-09-04 06:00:00', '多雲短暫陣雨。溫度攝氏26至28度。舒適至悶熱。東北風 風速4級(每秒7公尺)。相對濕度90%。', '2020-08-30 16:48:40'),
(39, 22, '2020-09-04 06:00:00', '2020-09-04 18:00:00', '多雲短暫陣雨。溫度攝氏26至31度。舒適至悶熱。東北風 風速5級(每秒8公尺)。相對濕度70%。', '2020-08-30 16:48:40'),
(40, 22, '2020-09-04 18:00:00', '2020-09-05 06:00:00', '多雲。溫度攝氏26至28度。舒適。東北風 風速5級(每秒9公尺)。相對濕度83%。', '2020-08-30 16:48:40'),
(41, 22, '2020-09-05 06:00:00', '2020-09-05 18:00:00', '多雲。溫度攝氏26至32度。舒適至悶熱。東北風 風速5級(每秒9公尺)。相對濕度68%。', '2020-08-30 16:48:40'),
(42, 22, '2020-09-05 18:00:00', '2020-09-06 06:00:00', '多雲時晴。溫度攝氏26至28度。舒適。東北風 風速4級(每秒7公尺)。相對濕度80%。', '2020-08-30 16:48:40'),
(43, 13, '2020-08-30 12:00:00', '2020-08-30 18:00:00', '晴時多雲。降雨機率 20%。溫度攝氏31至32度。悶熱。東北風 風速2級(每秒3公尺)。相對濕度78%。', '2020-08-30 16:48:40'),
(44, 13, '2020-08-30 18:00:00', '2020-08-31 06:00:00', '晴時多雲。降雨機率 10%。溫度攝氏26至30度。舒適至悶熱。西南風 風速2級(每秒3公尺)。相對濕度84%。', '2020-08-30 16:48:40'),
(45, 13, '2020-08-31 06:00:00', '2020-08-31 18:00:00', '多雲時晴。降雨機率 20%。溫度攝氏26至32度。舒適至悶熱。東南風 風速2級(每秒3公尺)。相對濕度71%。', '2020-08-30 16:48:40'),
(46, 13, '2020-08-31 18:00:00', '2020-09-01 06:00:00', '多雲。降雨機率 10%。溫度攝氏26至30度。舒適至悶熱。西南風 風速2級(每秒2公尺)。相對濕度80%。', '2020-08-30 16:48:40'),
(47, 13, '2020-09-01 06:00:00', '2020-09-01 18:00:00', '多雲。降雨機率 20%。溫度攝氏26至32度。舒適至悶熱。東南風 風速2級(每秒3公尺)。相對濕度77%。', '2020-08-30 16:48:40'),
(48, 13, '2020-09-01 18:00:00', '2020-09-02 06:00:00', '多雲。降雨機率 10%。溫度攝氏26至29度。舒適至悶熱。西北風 風速2級(每秒2公尺)。相對濕度81%。', '2020-08-30 16:48:40'),
(49, 13, '2020-09-02 06:00:00', '2020-09-02 18:00:00', '多雲。溫度攝氏26至32度。舒適至悶熱。東北風 風速2級(每秒2公尺)。相對濕度74%。', '2020-08-30 16:48:40'),
(50, 13, '2020-09-02 18:00:00', '2020-09-03 06:00:00', '多雲時晴。溫度攝氏27至30度。舒適至悶熱。西北風 風速2級(每秒2公尺)。相對濕度81%。', '2020-08-30 16:48:40'),
(51, 13, '2020-09-03 06:00:00', '2020-09-03 18:00:00', '多雲。溫度攝氏27至32度。舒適至悶熱。東北風 風速2級(每秒2公尺)。相對濕度76%。', '2020-08-30 16:48:40'),
(52, 13, '2020-09-03 18:00:00', '2020-09-04 06:00:00', '多雲。溫度攝氏26至29度。舒適至悶熱。偏東風 風速2級(每秒2公尺)。相對濕度82%。', '2020-08-30 16:48:40'),
(53, 13, '2020-09-04 06:00:00', '2020-09-04 18:00:00', '多雲。溫度攝氏26至32度。舒適至悶熱。偏東風 風速2級(每秒2公尺)。相對濕度80%。', '2020-08-30 16:48:40'),
(54, 13, '2020-09-04 18:00:00', '2020-09-05 06:00:00', '多雲。溫度攝氏26至29度。舒適至悶熱。偏北風 風速2級(每秒2公尺)。相對濕度82%。', '2020-08-30 16:48:40'),
(55, 13, '2020-09-05 06:00:00', '2020-09-05 18:00:00', '多雲。溫度攝氏26至32度。舒適至悶熱。東北風 風速2級(每秒2公尺)。相對濕度67%。', '2020-08-30 16:48:40'),
(56, 13, '2020-09-05 18:00:00', '2020-09-06 06:00:00', '多雲。溫度攝氏26至29度。舒適。偏北風 風速2級(每秒2公尺)。相對濕度81%。', '2020-08-30 16:48:40'),
(57, 17, '2020-08-30 12:00:00', '2020-08-30 18:00:00', '晴時多雲。降雨機率 10%。溫度攝氏32至35度。悶熱。東北風 風速4級(每秒7公尺)。相對濕度62%。', '2020-08-30 16:48:40'),
(58, 17, '2020-08-30 18:00:00', '2020-08-31 06:00:00', '晴時多雲。降雨機率 10%。溫度攝氏28至31度。舒適至悶熱。東北風 風速4級(每秒6公尺)。相對濕度82%。', '2020-08-30 16:48:40'),
(59, 17, '2020-08-31 06:00:00', '2020-08-31 18:00:00', '晴時多雲。降雨機率 20%。溫度攝氏28至34度。舒適至悶熱。偏東風 風速4級(每秒7公尺)。相對濕度64%。', '2020-08-30 16:48:40'),
(60, 17, '2020-08-31 18:00:00', '2020-09-01 06:00:00', '晴時多雲。降雨機率 10%。溫度攝氏28至30度。悶熱。偏西風 風速3級(每秒5公尺)。相對濕度83%。', '2020-08-30 16:48:40'),
(61, 17, '2020-09-01 06:00:00', '2020-09-01 18:00:00', '晴時多雲。降雨機率 20%。溫度攝氏28至35度。悶熱。偏南風 風速4級(每秒6公尺)。相對濕度70%。', '2020-08-30 16:48:40'),
(62, 17, '2020-09-01 18:00:00', '2020-09-02 06:00:00', '多雲時晴。降雨機率 10%。溫度攝氏28至31度。悶熱。西南風 風速3級(每秒5公尺)。相對濕度89%。', '2020-08-30 16:48:40'),
(63, 17, '2020-09-02 06:00:00', '2020-09-02 18:00:00', '多雲。溫度攝氏28至34度。悶熱至易中暑。西南風 風速3級(每秒4公尺)。相對濕度77%。', '2020-08-30 16:48:40'),
(64, 17, '2020-09-02 18:00:00', '2020-09-03 06:00:00', '多雲短暫陣雨。溫度攝氏29至31度。悶熱。西南風 風速3級(每秒4公尺)。相對濕度91%。', '2020-08-30 16:48:40'),
(65, 17, '2020-09-03 06:00:00', '2020-09-03 18:00:00', '多雲短暫陣雨。溫度攝氏29至34度。悶熱至易中暑。偏西風 風速3級(每秒4公尺)。相對濕度74%。', '2020-08-30 16:48:40'),
(66, 17, '2020-09-03 18:00:00', '2020-09-04 06:00:00', '陰短暫陣雨。溫度攝氏28至30度。悶熱。東北風 風速3級(每秒5公尺)。相對濕度89%。', '2020-08-30 16:48:40'),
(67, 17, '2020-09-04 06:00:00', '2020-09-04 18:00:00', '多雲短暫陣雨。溫度攝氏28至33度。悶熱至易中暑。東北風 風速3級(每秒5公尺)。相對濕度77%。', '2020-08-30 16:48:40'),
(68, 17, '2020-09-04 18:00:00', '2020-09-05 06:00:00', '多雲短暫陣雨。溫度攝氏27至29度。舒適至悶熱。東北風 風速4級(每秒6公尺)。相對濕度87%。', '2020-08-30 16:48:40'),
(69, 17, '2020-09-05 06:00:00', '2020-09-05 18:00:00', '多雲時晴。溫度攝氏27至33度。舒適至悶熱。東北風 風速5級(每秒8公尺)。相對濕度54%。', '2020-08-30 16:48:40'),
(70, 17, '2020-09-05 18:00:00', '2020-09-06 06:00:00', '晴時多雲。溫度攝氏26至29度。舒適。東北風 風速3級(每秒5公尺)。相對濕度77%。', '2020-08-30 16:48:40'),
(71, 8, '2020-08-30 12:00:00', '2020-08-30 18:00:00', '晴時多雲。降雨機率 10%。溫度攝氏31至34度。悶熱至易中暑。偏東風 風速2級(每秒2公尺)。相對濕度77%。', '2020-08-30 16:48:40'),
(72, 8, '2020-08-30 18:00:00', '2020-08-31 06:00:00', '多雲短暫陣雨。降雨機率 40%。溫度攝氏26至30度。舒適至悶熱。西北風 風速2級(每秒2公尺)。相對濕度80%。', '2020-08-30 16:48:40'),
(73, 8, '2020-08-31 06:00:00', '2020-08-31 18:00:00', '多雲短暫陣雨。降雨機率 50%。溫度攝氏26至34度。舒適至悶熱。偏東風 風速2級(每秒2公尺)。相對濕度71%。', '2020-08-30 16:48:40'),
(74, 8, '2020-08-31 18:00:00', '2020-09-01 06:00:00', '多雲短暫陣雨。降雨機率 30%。溫度攝氏26至30度。舒適至悶熱。西南風 風速2級(每秒2公尺)。相對濕度66%。', '2020-08-30 16:48:40'),
(75, 8, '2020-09-01 06:00:00', '2020-09-01 18:00:00', '多雲短暫陣雨。降雨機率 30%。溫度攝氏26至34度。舒適至易中暑。東南風 風速2級(每秒2公尺)。相對濕度71%。', '2020-08-30 16:48:40'),
(76, 8, '2020-09-01 18:00:00', '2020-09-02 06:00:00', '多雲。降雨機率 10%。溫度攝氏27至31度。舒適至悶熱。西北風 風速2級(每秒2公尺)。相對濕度57%。', '2020-08-30 16:48:40'),
(77, 8, '2020-09-02 06:00:00', '2020-09-02 18:00:00', '多雲。溫度攝氏27至34度。舒適至悶熱。東北風 風速2級(每秒2公尺)。相對濕度64%。', '2020-08-30 16:48:40'),
(78, 8, '2020-09-02 18:00:00', '2020-09-03 06:00:00', '多雲。溫度攝氏26至31度。舒適至悶熱。西北風 風速2級(每秒2公尺)。相對濕度74%。', '2020-08-30 16:48:40'),
(79, 8, '2020-09-03 06:00:00', '2020-09-03 18:00:00', '多雲短暫陣雨。溫度攝氏26至34度。舒適至易中暑。偏西風 風速2級(每秒2公尺)。相對濕度71%。', '2020-08-30 16:48:40'),
(80, 8, '2020-09-03 18:00:00', '2020-09-04 06:00:00', '多雲短暫陣雨。溫度攝氏26至30度。舒適至悶熱。東北風 風速2級(每秒2公尺)。相對濕度79%。', '2020-08-30 16:48:40'),
(81, 8, '2020-09-04 06:00:00', '2020-09-04 18:00:00', '多雲午後短暫雷陣雨。溫度攝氏26至33度。舒適至易中暑。偏北風 風速2級(每秒2公尺)。相對濕度73%。', '2020-08-30 16:48:40'),
(82, 8, '2020-09-04 18:00:00', '2020-09-05 06:00:00', '多雲短暫陣雨。溫度攝氏26至30度。舒適至悶熱。西南風 風速2級(每秒2公尺)。相對濕度79%。', '2020-08-30 16:48:40'),
(83, 8, '2020-09-05 06:00:00', '2020-09-05 18:00:00', '多雲。溫度攝氏26至33度。舒適至悶熱。偏北風 風速2級(每秒2公尺)。相對濕度60%。', '2020-08-30 16:48:40'),
(84, 8, '2020-09-05 18:00:00', '2020-09-06 06:00:00', '多雲時晴。溫度攝氏24至29度。舒適。偏西風 風速3級(每秒4公尺)。相對濕度59%。', '2020-08-30 16:48:40'),
(85, 18, '2020-08-30 12:00:00', '2020-08-30 18:00:00', '多雲午後短暫雷陣雨。降雨機率 90%。溫度攝氏30至33度。悶熱至易中暑。偏南風 風速2級(每秒3公尺)。相對濕度90%。', '2020-08-30 16:48:40'),
(86, 18, '2020-08-30 18:00:00', '2020-08-31 06:00:00', '晴時多雲。降雨機率 20%。溫度攝氏25至29度。舒適至悶熱。西南風 風速<= 1級(每秒1公尺)。相對濕度99%。', '2020-08-30 16:48:40'),
(87, 18, '2020-08-31 06:00:00', '2020-08-31 18:00:00', '多雲午後短暫雷陣雨。降雨機率 60%。溫度攝氏25至32度。舒適至易中暑。偏南風 風速2級(每秒2公尺)。相對濕度96%。', '2020-08-30 16:48:40'),
(88, 18, '2020-08-31 18:00:00', '2020-09-01 06:00:00', '多雲短暫陣雨。降雨機率 30%。溫度攝氏25至29度。舒適至悶熱。西南風 風速<= 1級(每秒1公尺)。相對濕度99%。', '2020-08-30 16:48:40'),
(89, 18, '2020-09-01 06:00:00', '2020-09-01 18:00:00', '多雲午後短暫雷陣雨。降雨機率 50%。溫度攝氏25至33度。舒適至易中暑。西北風 風速2級(每秒2公尺)。相對濕度88%。', '2020-08-30 16:48:40'),
(90, 18, '2020-09-01 18:00:00', '2020-09-02 06:00:00', '多雲短暫陣雨。降雨機率 50%。溫度攝氏25至29度。舒適至悶熱。西北風 風速2級(每秒2公尺)。相對濕度99%。', '2020-08-30 16:48:40'),
(91, 18, '2020-09-02 06:00:00', '2020-09-02 18:00:00', '多雲短暫陣雨。溫度攝氏25至32度。舒適至易中暑。偏西風 風速2級(每秒2公尺)。相對濕度95%。', '2020-08-30 16:48:40'),
(92, 18, '2020-09-02 18:00:00', '2020-09-03 06:00:00', '多雲短暫陣雨。溫度攝氏26至28度。舒適至悶熱。偏南風 風速<= 1級(每秒1公尺)。相對濕度97%。', '2020-08-30 16:48:40'),
(93, 18, '2020-09-03 06:00:00', '2020-09-03 18:00:00', '多雲短暫陣雨。溫度攝氏25至33度。舒適至易中暑。偏北風 風速2級(每秒2公尺)。相對濕度93%。', '2020-08-30 16:48:40'),
(94, 18, '2020-09-03 18:00:00', '2020-09-04 06:00:00', '多雲短暫陣雨。溫度攝氏25至29度。舒適至悶熱。偏東風 風速<= 1級(每秒1公尺)。相對濕度98%。', '2020-08-30 16:48:40'),
(95, 18, '2020-09-04 06:00:00', '2020-09-04 18:00:00', '多雲短暫陣雨。溫度攝氏25至32度。舒適至易中暑。偏北風 風速2級(每秒2公尺)。相對濕度95%。', '2020-08-30 16:48:40'),
(96, 18, '2020-09-04 18:00:00', '2020-09-05 06:00:00', '多雲短暫陣雨。溫度攝氏25至28度。舒適至悶熱。偏北風 風速<= 1級(每秒1公尺)。相對濕度98%。', '2020-08-30 16:48:40'),
(97, 18, '2020-09-05 06:00:00', '2020-09-05 18:00:00', '多雲短暫陣雨。溫度攝氏25至32度。舒適至易中暑。東北風 風速2級(每秒2公尺)。相對濕度95%。', '2020-08-30 16:48:40'),
(98, 18, '2020-09-05 18:00:00', '2020-09-06 06:00:00', '多雲短暫陣雨。溫度攝氏24至28度。舒適至悶熱。東北風 風速<= 1級(每秒1公尺)。相對濕度98%。', '2020-08-30 16:48:40'),
(99, 9, '2020-08-30 12:00:00', '2020-08-30 18:00:00', '多雲短暫陣雨。降雨機率 30%。溫度攝氏31至33度。悶熱至易中暑。偏西風 風速2級(每秒3公尺)。相對濕度73%。', '2020-08-30 16:48:40'),
(100, 9, '2020-08-30 18:00:00', '2020-08-31 06:00:00', '晴時多雲。降雨機率 10%。溫度攝氏26至30度。舒適至悶熱。偏南風 風速2級(每秒2公尺)。相對濕度80%。', '2020-08-30 16:48:40'),
(101, 9, '2020-08-31 06:00:00', '2020-08-31 18:00:00', '多雲。降雨機率 20%。溫度攝氏26至33度。舒適至悶熱。偏西風 風速4級(每秒6公尺)。相對濕度71%。', '2020-08-30 16:48:40'),
(102, 9, '2020-08-31 18:00:00', '2020-09-01 06:00:00', '多雲短暫陣雨。降雨機率 40%。溫度攝氏25至30度。舒適至悶熱。偏南風 風速2級(每秒3公尺)。相對濕度84%。', '2020-08-30 16:48:40'),
(103, 9, '2020-09-01 06:00:00', '2020-09-01 18:00:00', '多雲。降雨機率 20%。溫度攝氏25至33度。舒適至悶熱。東北風 風速3級(每秒4公尺)。相對濕度72%。', '2020-08-30 16:48:40'),
(104, 9, '2020-09-01 18:00:00', '2020-09-02 06:00:00', '多雲。降雨機率 10%。溫度攝氏27至31度。舒適至悶熱。偏南風 風速2級(每秒3公尺)。相對濕度78%。', '2020-08-30 16:48:40'),
(105, 9, '2020-09-02 06:00:00', '2020-09-02 18:00:00', '多雲午後短暫雷陣雨。溫度攝氏27至34度。舒適至易中暑。西南風 風速2級(每秒3公尺)。相對濕度67%。', '2020-08-30 16:48:40'),
(106, 9, '2020-09-02 18:00:00', '2020-09-03 06:00:00', '多雲。溫度攝氏27至31度。舒適至悶熱。西南風 風速3級(每秒4公尺)。相對濕度76%。', '2020-08-30 16:48:40'),
(107, 9, '2020-09-03 06:00:00', '2020-09-03 18:00:00', '多雲短暫陣雨。溫度攝氏27至33度。舒適至易中暑。西南風 風速3級(每秒4公尺)。相對濕度71%。', '2020-08-30 16:48:40'),
(108, 9, '2020-09-03 18:00:00', '2020-09-04 06:00:00', '多雲短暫陣雨。溫度攝氏26至30度。舒適至悶熱。偏東風 風速<= 1級(每秒0公尺)。相對濕度79%。', '2020-08-30 16:48:40'),
(109, 9, '2020-09-04 06:00:00', '2020-09-04 18:00:00', '多雲午後短暫雷陣雨。溫度攝氏26至33度。舒適至易中暑。東北風 風速2級(每秒2公尺)。相對濕度82%。', '2020-08-30 16:48:40'),
(110, 9, '2020-09-04 18:00:00', '2020-09-05 06:00:00', '多雲短暫陣雨。溫度攝氏26至30度。舒適至悶熱。東北風 風速2級(每秒2公尺)。相對濕度89%。', '2020-08-30 16:48:40'),
(111, 9, '2020-09-05 06:00:00', '2020-09-05 18:00:00', '多雲。溫度攝氏26至32度。舒適至悶熱。東北風 風速3級(每秒4公尺)。相對濕度58%。', '2020-08-30 16:48:40'),
(112, 9, '2020-09-05 18:00:00', '2020-09-06 06:00:00', '多雲時晴。溫度攝氏24至29度。舒適。東北風 風速2級(每秒3公尺)。相對濕度62%。', '2020-08-30 16:48:40'),
(113, 20, '2020-08-30 12:00:00', '2020-08-30 18:00:00', '晴時多雲。降雨機率 10%。溫度攝氏30至33度。悶熱至易中暑。西北風 風速3級(每秒4公尺)。相對濕度78%。', '2020-08-30 16:48:40'),
(114, 20, '2020-08-30 18:00:00', '2020-08-31 06:00:00', '多雲短暫陣雨。降雨機率 30%。溫度攝氏27至29度。悶熱。偏北風 風速4級(每秒7公尺)。相對濕度94%。', '2020-08-30 16:48:40'),
(115, 20, '2020-08-31 06:00:00', '2020-08-31 18:00:00', '晴時多雲。降雨機率 20%。溫度攝氏27至32度。悶熱。東北風 風速5級(每秒8公尺)。相對濕度83%。', '2020-08-30 16:48:40'),
(116, 20, '2020-08-31 18:00:00', '2020-09-01 06:00:00', '多雲短暫陣雨。降雨機率 30%。溫度攝氏27至29度。悶熱。偏東風 風速5級(每秒8公尺)。相對濕度94%。', '2020-08-30 16:48:40'),
(117, 20, '2020-09-01 06:00:00', '2020-09-01 18:00:00', '晴時多雲。降雨機率 10%。溫度攝氏27至32度。悶熱。偏西風 風速4級(每秒6公尺)。相對濕度85%。', '2020-08-30 16:48:40'),
(118, 20, '2020-09-01 18:00:00', '2020-09-02 06:00:00', '多雲短暫陣雨。降雨機率 40%。溫度攝氏27至29度。悶熱。偏西風 風速3級(每秒5公尺)。相對濕度96%。', '2020-08-30 16:48:40'),
(119, 20, '2020-09-02 06:00:00', '2020-09-02 18:00:00', '多雲短暫陣雨。溫度攝氏27至32度。舒適至悶熱。西南風 風速3級(每秒5公尺)。相對濕度81%。', '2020-08-30 16:48:40'),
(120, 20, '2020-09-02 18:00:00', '2020-09-03 06:00:00', '多雲短暫陣雨。溫度攝氏27至29度。悶熱。西南風 風速3級(每秒5公尺)。相對濕度94%。', '2020-08-30 16:48:40'),
(121, 20, '2020-09-03 06:00:00', '2020-09-03 18:00:00', '多雲短暫陣雨。溫度攝氏27至32度。悶熱。西南風 風速3級(每秒5公尺)。相對濕度84%。', '2020-08-30 16:48:40'),
(122, 20, '2020-09-03 18:00:00', '2020-09-04 06:00:00', '多雲短暫陣雨。溫度攝氏27至29度。舒適至悶熱。西南風 風速3級(每秒4公尺)。相對濕度93%。', '2020-08-30 16:48:40'),
(123, 20, '2020-09-04 06:00:00', '2020-09-04 18:00:00', '多雲短暫陣雨。溫度攝氏27至32度。舒適至悶熱。偏南風 風速2級(每秒3公尺)。相對濕度84%。', '2020-08-30 16:48:40'),
(124, 20, '2020-09-04 18:00:00', '2020-09-05 06:00:00', '多雲短暫陣雨。溫度攝氏27至28度。舒適至悶熱。東北風 風速4級(每秒7公尺)。相對濕度92%。', '2020-08-30 16:48:40'),
(125, 20, '2020-09-05 06:00:00', '2020-09-05 18:00:00', '多雲短暫陣雨。溫度攝氏27至32度。舒適至悶熱。東北風 風速5級(每秒10公尺)。相對濕度70%。', '2020-08-30 16:48:40'),
(126, 20, '2020-09-05 18:00:00', '2020-09-06 06:00:00', '晴時多雲。溫度攝氏27至28度。舒適至悶熱。東北風 風速5級(每秒9公尺)。相對濕度86%。', '2020-08-30 16:48:40'),
(127, 6, '2020-08-30 12:00:00', '2020-08-30 18:00:00', '晴時多雲。降雨機率 10%。溫度攝氏31至34度。悶熱。偏東風 風速2級(每秒3公尺)。相對濕度70%。', '2020-08-30 16:48:40'),
(128, 6, '2020-08-30 18:00:00', '2020-08-31 06:00:00', '多雲短暫陣雨。降雨機率 30%。溫度攝氏26至30度。舒適至悶熱。偏東風 風速3級(每秒4公尺)。相對濕度87%。', '2020-08-30 16:48:40'),
(129, 6, '2020-08-31 06:00:00', '2020-08-31 18:00:00', '多雲短暫陣雨。降雨機率 60%。溫度攝氏26至33度。舒適至悶熱。偏東風 風速2級(每秒3公尺)。相對濕度73%。', '2020-08-30 16:48:40'),
(130, 6, '2020-08-31 18:00:00', '2020-09-01 06:00:00', '陰短暫陣雨。降雨機率 60%。溫度攝氏26至30度。舒適至悶熱。西南風 風速2級(每秒2公尺)。相對濕度87%。', '2020-08-30 16:48:40'),
(131, 6, '2020-09-01 06:00:00', '2020-09-01 18:00:00', '多雲短暫陣雨。降雨機率 30%。溫度攝氏26至33度。舒適至易中暑。西北風 風速2級(每秒3公尺)。相對濕度86%。', '2020-08-30 16:48:40'),
(132, 6, '2020-09-01 18:00:00', '2020-09-02 06:00:00', '多雲時晴。降雨機率 10%。溫度攝氏28至30度。舒適至悶熱。偏西風 風速2級(每秒2公尺)。相對濕度74%。', '2020-08-30 16:48:40'),
(133, 6, '2020-09-02 06:00:00', '2020-09-02 18:00:00', '多雲。溫度攝氏28至34度。舒適至悶熱。偏西風 風速2級(每秒3公尺)。相對濕度61%。', '2020-08-30 16:48:40'),
(134, 6, '2020-09-02 18:00:00', '2020-09-03 06:00:00', '多雲。溫度攝氏27至31度。舒適至悶熱。西北風 風速2級(每秒2公尺)。相對濕度87%。', '2020-08-30 16:48:40'),
(135, 6, '2020-09-03 06:00:00', '2020-09-03 18:00:00', '多雲短暫陣雨。溫度攝氏27至34度。舒適至易中暑。偏西風 風速2級(每秒3公尺)。相對濕度73%。', '2020-08-30 16:48:40'),
(136, 6, '2020-09-03 18:00:00', '2020-09-04 06:00:00', '多雲短暫陣雨。溫度攝氏27至30度。舒適至悶熱。偏西風 風速2級(每秒2公尺)。相對濕度86%。', '2020-08-30 16:48:40'),
(137, 6, '2020-09-04 06:00:00', '2020-09-04 18:00:00', '多雲午後短暫雷陣雨。溫度攝氏27至33度。舒適至易中暑。偏西風 風速2級(每秒2公尺)。相對濕度84%。', '2020-08-30 16:48:40'),
(138, 6, '2020-09-04 18:00:00', '2020-09-05 06:00:00', '多雲短暫陣雨。溫度攝氏26至30度。舒適至悶熱。偏東風 風速2級(每秒2公尺)。相對濕度75%。', '2020-08-30 16:48:40'),
(139, 6, '2020-09-05 06:00:00', '2020-09-05 18:00:00', '多雲。溫度攝氏26至34度。舒適至悶熱。偏東風 風速2級(每秒2公尺)。相對濕度65%。', '2020-08-30 16:48:40'),
(140, 6, '2020-09-05 18:00:00', '2020-09-06 06:00:00', '多雲時晴。溫度攝氏25至29度。舒適至悶熱。西南風 風速2級(每秒3公尺)。相對濕度68%。', '2020-08-30 16:48:40'),
(141, 4, '2020-08-30 12:00:00', '2020-08-30 18:00:00', '多雲短暫陣雨。降雨機率 30%。溫度攝氏32至34度。悶熱。偏東風 風速3級(每秒4公尺)。相對濕度57%。', '2020-08-30 16:48:40'),
(142, 4, '2020-08-30 18:00:00', '2020-08-31 06:00:00', '晴時多雲。降雨機率 20%。溫度攝氏26至31度。舒適至悶熱。東北風 風速3級(每秒5公尺)。相對濕度79%。', '2020-08-30 16:48:40'),
(143, 4, '2020-08-31 06:00:00', '2020-08-31 18:00:00', '多雲。降雨機率 20%。溫度攝氏26至34度。舒適至易中暑。東北風 風速4級(每秒6公尺)。相對濕度70%。', '2020-08-30 16:48:40'),
(144, 4, '2020-08-31 18:00:00', '2020-09-01 06:00:00', '多雲短暫陣雨。降雨機率 50%。溫度攝氏26至30度。舒適至悶熱。偏南風 風速3級(每秒4公尺)。相對濕度88%。', '2020-08-30 16:48:40'),
(145, 4, '2020-09-01 06:00:00', '2020-09-01 18:00:00', '多雲短暫陣雨。降雨機率 30%。溫度攝氏26至34度。舒適至悶熱。西南風 風速2級(每秒3公尺)。相對濕度70%。', '2020-08-30 16:48:40'),
(146, 4, '2020-09-01 18:00:00', '2020-09-02 06:00:00', '多雲。降雨機率 10%。溫度攝氏28至31度。舒適至悶熱。東南風 風速2級(每秒3公尺)。相對濕度78%。', '2020-08-30 16:48:40'),
(147, 4, '2020-09-02 06:00:00', '2020-09-02 18:00:00', '多雲。溫度攝氏28至34度。舒適至悶熱。西南風 風速3級(每秒4公尺)。相對濕度57%。', '2020-08-30 16:48:40'),
(148, 4, '2020-09-02 18:00:00', '2020-09-03 06:00:00', '多雲。溫度攝氏27至31度。舒適至悶熱。西南風 風速2級(每秒3公尺)。相對濕度79%。', '2020-08-30 16:48:40'),
(149, 4, '2020-09-03 06:00:00', '2020-09-03 18:00:00', '多雲短暫陣雨。溫度攝氏27至34度。舒適至易中暑。偏西風 風速3級(每秒4公尺)。相對濕度65%。', '2020-08-30 16:48:40'),
(150, 4, '2020-09-03 18:00:00', '2020-09-04 06:00:00', '多雲短暫陣雨。溫度攝氏27至30度。舒適至悶熱。東南風 風速2級(每秒2公尺)。相對濕度86%。', '2020-08-30 16:48:40'),
(151, 4, '2020-09-04 06:00:00', '2020-09-04 18:00:00', '多雲午後短暫雷陣雨。溫度攝氏26至33度。舒適至易中暑。東北風 風速3級(每秒4公尺)。相對濕度68%。', '2020-08-30 16:48:40'),
(152, 4, '2020-09-04 18:00:00', '2020-09-05 06:00:00', '多雲短暫陣雨。溫度攝氏27至30度。舒適至悶熱。東北風 風速3級(每秒5公尺)。相對濕度80%。', '2020-08-30 16:48:40'),
(153, 4, '2020-09-05 06:00:00', '2020-09-05 18:00:00', '多雲。溫度攝氏27至34度。舒適至悶熱。東北風 風速4級(每秒7公尺)。相對濕度54%。', '2020-08-30 16:48:40'),
(154, 4, '2020-09-05 18:00:00', '2020-09-06 06:00:00', '多雲時晴。溫度攝氏24至29度。舒適。東北風 風速3級(每秒4公尺)。相對濕度70%。', '2020-08-30 16:48:40'),
(155, 11, '2020-08-30 12:00:00', '2020-08-30 18:00:00', '晴時多雲。降雨機率 20%。溫度攝氏31至33度。悶熱。東北風 風速2級(每秒3公尺)。相對濕度69%。', '2020-08-30 16:48:40'),
(156, 11, '2020-08-30 18:00:00', '2020-08-31 06:00:00', '晴時多雲。降雨機率 10%。溫度攝氏26至30度。舒適至悶熱。西北風 風速3級(每秒4公尺)。相對濕度80%。', '2020-08-30 16:48:40'),
(157, 11, '2020-08-31 06:00:00', '2020-08-31 18:00:00', '多雲時晴。降雨機率 20%。溫度攝氏26至33度。舒適至悶熱。偏東風 風速3級(每秒5公尺)。相對濕度72%。', '2020-08-30 16:48:40'),
(158, 11, '2020-08-31 18:00:00', '2020-09-01 06:00:00', '多雲。降雨機率 10%。溫度攝氏26至30度。舒適至悶熱。偏西風 風速2級(每秒3公尺)。相對濕度81%。', '2020-08-30 16:48:40'),
(159, 11, '2020-09-01 06:00:00', '2020-09-01 18:00:00', '多雲午後短暫雷陣雨。降雨機率 40%。溫度攝氏26至33度。舒適至易中暑。偏南風 風速2級(每秒3公尺)。相對濕度65%。', '2020-08-30 16:48:40'),
(160, 11, '2020-09-01 18:00:00', '2020-09-02 06:00:00', '多雲。降雨機率 10%。溫度攝氏26至30度。舒適至悶熱。西南風 風速2級(每秒2公尺)。相對濕度77%。', '2020-08-30 16:48:40'),
(161, 11, '2020-09-02 06:00:00', '2020-09-02 18:00:00', '多雲。溫度攝氏26至33度。舒適至悶熱。偏西風 風速<= 1級(每秒1公尺)。相對濕度65%。', '2020-08-30 16:48:40'),
(162, 11, '2020-09-02 18:00:00', '2020-09-03 06:00:00', '多雲。溫度攝氏27至31度。舒適至悶熱。偏北風 風速<= 1級(每秒1公尺)。相對濕度80%。', '2020-08-30 16:48:40'),
(163, 11, '2020-09-03 06:00:00', '2020-09-03 18:00:00', '多雲。溫度攝氏27至33度。舒適至悶熱。西南風 風速<= 1級(每秒1公尺)。相對濕度69%。', '2020-08-30 16:48:40'),
(164, 11, '2020-09-03 18:00:00', '2020-09-04 06:00:00', '多雲。溫度攝氏26至30度。舒適至悶熱。西南風 風速<= 1級(每秒1公尺)。相對濕度80%。', '2020-08-30 16:48:40'),
(165, 11, '2020-09-04 06:00:00', '2020-09-04 18:00:00', '多雲。溫度攝氏26至32度。舒適至易中暑。東北風 風速<= 1級(每秒0公尺)。相對濕度82%。', '2020-08-30 16:48:40'),
(166, 11, '2020-09-04 18:00:00', '2020-09-05 06:00:00', '多雲。溫度攝氏26至30度。舒適至悶熱。東北風 風速3級(每秒4公尺)。相對濕度89%。', '2020-08-30 16:48:40'),
(167, 11, '2020-09-05 06:00:00', '2020-09-05 18:00:00', '多雲。溫度攝氏26至33度。舒適至悶熱。東北風 風速3級(每秒5公尺)。相對濕度72%。', '2020-08-30 16:48:40'),
(168, 11, '2020-09-05 18:00:00', '2020-09-06 06:00:00', '多雲。溫度攝氏24至29度。舒適至悶熱。西南風 風速2級(每秒2公尺)。相對濕度83%。', '2020-08-30 16:48:40'),
(169, 16, '2020-08-30 12:00:00', '2020-08-30 18:00:00', '多雲午後短暫雷陣雨。降雨機率 70%。溫度攝氏31至32度。悶熱。西北風 風速2級(每秒2公尺)。相對濕度83%。', '2020-08-30 16:48:40'),
(170, 16, '2020-08-30 18:00:00', '2020-08-31 06:00:00', '多雲。降雨機率 20%。溫度攝氏27至30度。舒適至悶熱。偏西風 風速2級(每秒2公尺)。相對濕度91%。', '2020-08-30 16:48:40'),
(171, 16, '2020-08-31 06:00:00', '2020-08-31 18:00:00', '多雲午後短暫雷陣雨。降雨機率 50%。溫度攝氏27至32度。舒適至悶熱。偏南風 風速2級(每秒3公尺)。相對濕度86%。', '2020-08-30 16:48:40'),
(172, 16, '2020-08-31 18:00:00', '2020-09-01 06:00:00', '多雲短暫陣雨。降雨機率 30%。溫度攝氏27至30度。舒適至悶熱。偏西風 風速2級(每秒2公尺)。相對濕度92%。', '2020-08-30 16:48:40'),
(173, 16, '2020-09-01 06:00:00', '2020-09-01 18:00:00', '多雲。降雨機率 20%。溫度攝氏27至32度。舒適至悶熱。西北風 風速3級(每秒5公尺)。相對濕度77%。', '2020-08-30 16:48:40'),
(174, 16, '2020-09-01 18:00:00', '2020-09-02 06:00:00', '多雲短暫陣雨。降雨機率 40%。溫度攝氏27至30度。悶熱。西北風 風速2級(每秒3公尺)。相對濕度90%。', '2020-08-30 16:48:40'),
(175, 16, '2020-09-02 06:00:00', '2020-09-02 18:00:00', '多雲短暫陣雨。溫度攝氏27至31度。舒適至悶熱。偏西風 風速2級(每秒3公尺)。相對濕度86%。', '2020-08-30 16:48:40'),
(176, 16, '2020-09-02 18:00:00', '2020-09-03 06:00:00', '多雲短暫陣雨。溫度攝氏27至29度。悶熱。偏南風 風速2級(每秒2公尺)。相對濕度91%。', '2020-08-30 16:48:40'),
(177, 16, '2020-09-03 06:00:00', '2020-09-03 18:00:00', '多雲短暫陣雨。溫度攝氏27至31度。舒適至悶熱。偏北風 風速2級(每秒3公尺)。相對濕度88%。', '2020-08-30 16:48:40'),
(178, 16, '2020-09-03 18:00:00', '2020-09-04 06:00:00', '多雲短暫陣雨。溫度攝氏28至30度。悶熱。東南風 風速2級(每秒2公尺)。相對濕度91%。', '2020-08-30 16:48:40'),
(179, 16, '2020-09-04 06:00:00', '2020-09-04 18:00:00', '多雲短暫陣雨。溫度攝氏28至31度。悶熱。偏北風 風速2級(每秒3公尺)。相對濕度86%。', '2020-08-30 16:48:40'),
(180, 16, '2020-09-04 18:00:00', '2020-09-05 06:00:00', '多雲短暫陣雨。溫度攝氏27至29度。舒適至悶熱。偏東風 風速2級(每秒2公尺)。相對濕度90%。', '2020-08-30 16:48:40'),
(181, 16, '2020-09-05 06:00:00', '2020-09-05 18:00:00', '多雲短暫陣雨。溫度攝氏27至31度。舒適至悶熱。西南風 風速2級(每秒3公尺)。相對濕度85%。', '2020-08-30 16:48:40'),
(182, 16, '2020-09-05 18:00:00', '2020-09-06 06:00:00', '多雲短暫陣雨。溫度攝氏26至29度。舒適至悶熱。西南風 風速2級(每秒2公尺)。相對濕度88%。', '2020-08-30 16:48:40'),
(183, 21, '2020-08-30 12:00:00', '2020-08-30 18:00:00', '多雲。降雨機率 20%。溫度攝氏32至34度。悶熱至易中暑。偏西風 風速2級(每秒2公尺)。相對濕度75%。', '2020-08-30 16:48:40'),
(184, 21, '2020-08-30 18:00:00', '2020-08-31 06:00:00', '晴時多雲。降雨機率 20%。溫度攝氏26至31度。舒適至悶熱。偏南風 風速2級(每秒2公尺)。相對濕度86%。', '2020-08-30 16:48:40'),
(185, 21, '2020-08-31 06:00:00', '2020-08-31 18:00:00', '晴時多雲。降雨機率 10%。溫度攝氏26至33度。舒適至悶熱。偏北風 風速3級(每秒5公尺)。相對濕度78%。', '2020-08-30 16:48:40'),
(186, 21, '2020-08-31 18:00:00', '2020-09-01 06:00:00', '多雲。降雨機率 20%。溫度攝氏27至31度。舒適至悶熱。偏南風 風速3級(每秒4公尺)。相對濕度80%。', '2020-08-30 16:48:40'),
(187, 21, '2020-09-01 06:00:00', '2020-09-01 18:00:00', '多雲時晴。降雨機率 10%。溫度攝氏27至34度。舒適至悶熱。西北風 風速3級(每秒4公尺)。相對濕度73%。', '2020-08-30 16:48:40'),
(188, 21, '2020-09-01 18:00:00', '2020-09-02 06:00:00', '多雲。降雨機率 10%。溫度攝氏27至31度。舒適至悶熱。偏南風 風速2級(每秒3公尺)。相對濕度84%。', '2020-08-30 16:48:40'),
(189, 21, '2020-09-02 06:00:00', '2020-09-02 18:00:00', '多雲短暫陣雨。溫度攝氏27至33度。舒適至易中暑。偏南風 風速2級(每秒3公尺)。相對濕度66%。', '2020-08-30 16:48:40'),
(190, 21, '2020-09-02 18:00:00', '2020-09-03 06:00:00', '多雲短暫陣雨。溫度攝氏27至30度。舒適至悶熱。偏南風 風速2級(每秒2公尺)。相對濕度85%。', '2020-08-30 16:48:40'),
(191, 21, '2020-09-03 06:00:00', '2020-09-03 18:00:00', '多雲短暫陣雨。溫度攝氏27至33度。舒適至易中暑。偏南風 風速2級(每秒2公尺)。相對濕度75%。', '2020-08-30 16:48:40'),
(192, 21, '2020-09-03 18:00:00', '2020-09-04 06:00:00', '多雲短暫陣雨。溫度攝氏27至30度。舒適至悶熱。東北風 風速2級(每秒2公尺)。相對濕度85%。', '2020-08-30 16:48:40'),
(193, 21, '2020-09-04 06:00:00', '2020-09-04 18:00:00', '多雲短暫陣雨。溫度攝氏26至33度。舒適至易中暑。東北風 風速2級(每秒2公尺)。相對濕度78%。', '2020-08-30 16:48:40'),
(194, 21, '2020-09-04 18:00:00', '2020-09-05 06:00:00', '多雲。溫度攝氏27至30度。舒適至悶熱。偏北風 風速2級(每秒2公尺)。相對濕度86%。', '2020-08-30 16:48:40'),
(195, 21, '2020-09-05 06:00:00', '2020-09-05 18:00:00', '多雲短暫陣雨。溫度攝氏26至33度。舒適至易中暑。東北風 風速2級(每秒2公尺)。相對濕度67%。', '2020-08-30 16:48:40'),
(196, 21, '2020-09-05 18:00:00', '2020-09-06 06:00:00', '多雲。溫度攝氏26至30度。舒適。東北風 風速2級(每秒2公尺)。相對濕度80%。', '2020-08-30 16:48:40'),
(197, 5, '2020-08-30 12:00:00', '2020-08-30 18:00:00', '晴時多雲。降雨機率 10%。溫度攝氏32至34度。悶熱。東南風 風速3級(每秒5公尺)。相對濕度63%。', '2020-08-30 16:48:40'),
(198, 5, '2020-08-30 18:00:00', '2020-08-31 06:00:00', '晴時多雲。降雨機率 20%。溫度攝氏26至31度。舒適至悶熱。東北風 風速3級(每秒5公尺)。相對濕度80%。', '2020-08-30 16:48:40'),
(199, 5, '2020-08-31 06:00:00', '2020-08-31 18:00:00', '多雲。降雨機率 20%。溫度攝氏26至34度。舒適至易中暑。東北風 風速4級(每秒7公尺)。相對濕度74%。', '2020-08-30 16:48:40'),
(200, 5, '2020-08-31 18:00:00', '2020-09-01 06:00:00', '多雲短暫陣雨。降雨機率 50%。溫度攝氏26至31度。舒適至悶熱。東南風 風速3級(每秒5公尺)。相對濕度87%。', '2020-08-30 16:48:40'),
(201, 5, '2020-09-01 06:00:00', '2020-09-01 18:00:00', '多雲。降雨機率 20%。溫度攝氏25至34度。舒適至悶熱。偏東風 風速3級(每秒4公尺)。相對濕度74%。', '2020-08-30 16:48:40'),
(202, 5, '2020-09-01 18:00:00', '2020-09-02 06:00:00', '多雲。降雨機率 10%。溫度攝氏28至31度。舒適至悶熱。西南風 風速3級(每秒4公尺)。相對濕度80%。', '2020-08-30 16:48:40'),
(203, 5, '2020-09-02 06:00:00', '2020-09-02 18:00:00', '多雲。溫度攝氏27至34度。舒適至悶熱。西南風 風速3級(每秒5公尺)。相對濕度65%。', '2020-08-30 16:48:40'),
(204, 5, '2020-09-02 18:00:00', '2020-09-03 06:00:00', '多雲。溫度攝氏27至31度。舒適至悶熱。西南風 風速2級(每秒3公尺)。相對濕度81%。', '2020-08-30 16:48:40'),
(205, 5, '2020-09-03 06:00:00', '2020-09-03 18:00:00', '多雲短暫陣雨。溫度攝氏27至33度。舒適至易中暑。偏西風 風速3級(每秒4公尺)。相對濕度71%。', '2020-08-30 16:48:40'),
(206, 5, '2020-09-03 18:00:00', '2020-09-04 06:00:00', '多雲短暫陣雨。溫度攝氏27至30度。舒適至悶熱。偏東風 風速2級(每秒2公尺)。相對濕度86%。', '2020-08-30 16:48:40'),
(207, 5, '2020-09-04 06:00:00', '2020-09-04 18:00:00', '多雲午後短暫雷陣雨。溫度攝氏26至33度。舒適至易中暑。東北風 風速3級(每秒4公尺)。相對濕度72%。', '2020-08-30 16:48:40'),
(208, 5, '2020-09-04 18:00:00', '2020-09-05 06:00:00', '多雲短暫陣雨。溫度攝氏27至30度。舒適至悶熱。東北風 風速4級(每秒6公尺)。相對濕度81%。', '2020-08-30 16:48:40'),
(209, 5, '2020-09-05 06:00:00', '2020-09-05 18:00:00', '多雲。溫度攝氏26至33度。舒適至悶熱。東北風 風速5級(每秒8公尺)。相對濕度59%。', '2020-08-30 16:48:40'),
(210, 5, '2020-09-05 18:00:00', '2020-09-06 06:00:00', '多雲時晴。溫度攝氏24至30度。舒適。東北風 風速3級(每秒5公尺)。相對濕度68%。', '2020-08-30 16:48:40'),
(211, 2, '2020-08-30 12:00:00', '2020-08-30 18:00:00', '晴時多雲。降雨機率 10%。溫度攝氏32至34度。悶熱。偏東風 風速2級(每秒3公尺)。相對濕度71%。', '2020-08-30 16:48:40'),
(212, 2, '2020-08-30 18:00:00', '2020-08-31 06:00:00', '多雲。降雨機率 20%。溫度攝氏27至31度。悶熱。偏東風 風速2級(每秒3公尺)。相對濕度91%。', '2020-08-30 16:48:40'),
(213, 2, '2020-08-31 06:00:00', '2020-08-31 18:00:00', '多雲短暫陣雨。降雨機率 50%。溫度攝氏27至32度。舒適至悶熱。偏東風 風速2級(每秒3公尺)。相對濕度75%。', '2020-08-30 16:48:40'),
(214, 2, '2020-08-31 18:00:00', '2020-09-01 06:00:00', '陰短暫陣雨。降雨機率 60%。溫度攝氏27至30度。舒適至悶熱。西南風 風速<= 1級(每秒1公尺)。相對濕度91%。', '2020-08-30 16:48:40'),
(215, 2, '2020-09-01 06:00:00', '2020-09-01 18:00:00', '多雲短暫陣雨。降雨機率 40%。溫度攝氏27至33度。舒適至易中暑。西北風 風速2級(每秒3公尺)。相對濕度86%。', '2020-08-30 16:48:40'),
(216, 2, '2020-09-01 18:00:00', '2020-09-02 06:00:00', '多雲時晴。降雨機率 10%。溫度攝氏28至31度。舒適至悶熱。偏西風 風速2級(每秒3公尺)。相對濕度78%。', '2020-08-30 16:48:40'),
(217, 2, '2020-09-02 06:00:00', '2020-09-02 18:00:00', '多雲。溫度攝氏28至34度。舒適至悶熱。偏西風 風速2級(每秒3公尺)。相對濕度62%。', '2020-08-30 16:48:40'),
(218, 2, '2020-09-02 18:00:00', '2020-09-03 06:00:00', '多雲。溫度攝氏28至31度。舒適至悶熱。西北風 風速2級(每秒2公尺)。相對濕度84%。', '2020-08-30 16:48:40'),
(219, 2, '2020-09-03 06:00:00', '2020-09-03 18:00:00', '多雲短暫陣雨。溫度攝氏28至34度。舒適至易中暑。偏西風 風速2級(每秒3公尺)。相對濕度76%。', '2020-08-30 16:48:40'),
(220, 2, '2020-09-03 18:00:00', '2020-09-04 06:00:00', '多雲短暫陣雨。溫度攝氏28至31度。悶熱。偏西風 風速2級(每秒2公尺)。相對濕度91%。', '2020-08-30 16:48:40'),
(221, 2, '2020-09-04 06:00:00', '2020-09-04 18:00:00', '多雲午後短暫雷陣雨。溫度攝氏28至33度。悶熱至易中暑。偏東風 風速2級(每秒3公尺)。相對濕度79%。', '2020-08-30 16:48:40'),
(222, 2, '2020-09-04 18:00:00', '2020-09-05 06:00:00', '多雲短暫陣雨。溫度攝氏27至30度。舒適至悶熱。偏東風 風速2級(每秒3公尺)。相對濕度81%。', '2020-08-30 16:48:40'),
(223, 2, '2020-09-05 06:00:00', '2020-09-05 18:00:00', '多雲。溫度攝氏27至34度。舒適至悶熱。偏東風 風速2級(每秒2公尺)。相對濕度64%。', '2020-08-30 16:48:40'),
(224, 2, '2020-09-05 18:00:00', '2020-09-06 06:00:00', '多雲時晴。溫度攝氏25至30度。舒適至悶熱。西南風 風速2級(每秒2公尺)。相對濕度74%。', '2020-08-30 16:48:40'),
(225, 19, '2020-08-30 12:00:00', '2020-08-30 18:00:00', '晴時多雲。降雨機率 20%。溫度攝氏30至31度。悶熱。偏東風 風速3級(每秒4公尺)。相對濕度80%。', '2020-08-30 16:48:40'),
(226, 19, '2020-08-30 18:00:00', '2020-08-31 06:00:00', '多雲短暫陣雨。降雨機率 50%。溫度攝氏26至29度。舒適至悶熱。偏東風 風速3級(每秒5公尺)。相對濕度90%。', '2020-08-30 16:48:40'),
(227, 19, '2020-08-31 06:00:00', '2020-08-31 18:00:00', '多雲短暫陣雨。降雨機率 50%。溫度攝氏26至31度。舒適至悶熱。偏西風 風速3級(每秒5公尺)。相對濕度86%。', '2020-08-30 16:48:40'),
(228, 19, '2020-08-31 18:00:00', '2020-09-01 06:00:00', '多雲時陰短暫陣雨。降雨機率 60%。溫度攝氏26至29度。舒適至悶熱。偏西風 風速4級(每秒6公尺)。相對濕度90%。', '2020-08-30 16:48:40'),
(229, 19, '2020-09-01 06:00:00', '2020-09-01 18:00:00', '多雲短暫陣雨。降雨機率 40%。溫度攝氏26至33度。舒適至易中暑。偏西風 風速4級(每秒7公尺)。相對濕度82%。', '2020-08-30 16:48:40'),
(230, 19, '2020-09-01 18:00:00', '2020-09-02 06:00:00', '多雲。降雨機率 10%。溫度攝氏28至30度。舒適至悶熱。西南風 風速3級(每秒5公尺)。相對濕度76%。', '2020-08-30 16:48:40'),
(231, 19, '2020-09-02 06:00:00', '2020-09-02 18:00:00', '多雲。溫度攝氏28至34度。舒適至悶熱。偏北風 風速3級(每秒4公尺)。相對濕度66%。', '2020-08-30 16:48:40'),
(232, 19, '2020-09-02 18:00:00', '2020-09-03 06:00:00', '多雲。溫度攝氏27至31度。舒適至悶熱。偏西風 風速3級(每秒4公尺)。相對濕度89%。', '2020-08-30 16:48:40'),
(233, 19, '2020-09-03 06:00:00', '2020-09-03 18:00:00', '多雲短暫陣雨。溫度攝氏27至33度。舒適至易中暑。偏西風 風速3級(每秒5公尺)。相對濕度75%。', '2020-08-30 16:48:40'),
(234, 19, '2020-09-03 18:00:00', '2020-09-04 06:00:00', '多雲。溫度攝氏27至30度。舒適至悶熱。西北風 風速3級(每秒4公尺)。相對濕度87%。', '2020-08-30 16:48:40'),
(235, 19, '2020-09-04 06:00:00', '2020-09-04 18:00:00', '多雲午後短暫雷陣雨。溫度攝氏27至32度。舒適至易中暑。偏北風 風速3級(每秒4公尺)。相對濕度87%。', '2020-08-30 16:48:40'),
(236, 19, '2020-09-04 18:00:00', '2020-09-05 06:00:00', '多雲短暫陣雨。溫度攝氏26至30度。舒適至悶熱。偏東風 風速3級(每秒5公尺)。相對濕度81%。', '2020-08-30 16:48:40'),
(237, 19, '2020-09-05 06:00:00', '2020-09-05 18:00:00', '多雲。溫度攝氏26至34度。舒適至悶熱。東北風 風速3級(每秒5公尺)。相對濕度69%。', '2020-08-30 16:48:40'),
(238, 19, '2020-09-05 18:00:00', '2020-09-06 06:00:00', '多雲。溫度攝氏26至30度。舒適至悶熱。偏北風 風速4級(每秒6公尺)。相對濕度59%。', '2020-08-30 16:48:40'),
(239, 12, '2020-08-30 12:00:00', '2020-08-30 18:00:00', '多雲午後短暫雷陣雨。降雨機率 50%。溫度攝氏32至34度。悶熱至易中暑。西北風 風速2級(每秒2公尺)。相對濕度69%。', '2020-08-30 16:48:40'),
(240, 12, '2020-08-30 18:00:00', '2020-08-31 06:00:00', '晴時多雲。降雨機率 10%。溫度攝氏27至31度。舒適至悶熱。偏南風 風速<= 1級(每秒1公尺)。相對濕度83%。', '2020-08-30 16:48:40'),
(241, 12, '2020-08-31 06:00:00', '2020-08-31 18:00:00', '多雲午後短暫雷陣雨。降雨機率 30%。溫度攝氏26至34度。舒適至悶熱。西北風 風速2級(每秒3公尺)。相對濕度72%。', '2020-08-30 16:48:40'),
(242, 12, '2020-08-31 18:00:00', '2020-09-01 06:00:00', '多雲。降雨機率 20%。溫度攝氏26至31度。舒適至悶熱。西南風 風速2級(每秒2公尺)。相對濕度77%。', '2020-08-30 16:48:40'),
(243, 12, '2020-09-01 06:00:00', '2020-09-01 18:00:00', '多雲。降雨機率 10%。溫度攝氏26至34度。舒適至悶熱。偏北風 風速2級(每秒3公尺)。相對濕度69%。', '2020-08-30 16:48:40'),
(244, 12, '2020-09-01 18:00:00', '2020-09-02 06:00:00', '多雲。降雨機率 10%。溫度攝氏27至31度。舒適至悶熱。東南風 風速2級(每秒2公尺)。相對濕度77%。', '2020-08-30 16:48:40'),
(245, 12, '2020-09-02 06:00:00', '2020-09-02 18:00:00', '多雲短暫陣雨。溫度攝氏27至33度。舒適至易中暑。偏南風 風速2級(每秒2公尺)。相對濕度65%。', '2020-08-30 16:48:40'),
(246, 12, '2020-09-02 18:00:00', '2020-09-03 06:00:00', '多雲短暫陣雨。溫度攝氏27至31度。舒適至悶熱。東南風 風速2級(每秒2公尺)。相對濕度76%。', '2020-08-30 16:48:40'),
(247, 12, '2020-09-03 06:00:00', '2020-09-03 18:00:00', '多雲短暫陣雨。溫度攝氏27至33度。舒適至易中暑。偏南風 風速2級(每秒2公尺)。相對濕度70%。', '2020-08-30 16:48:40'),
(248, 12, '2020-09-03 18:00:00', '2020-09-04 06:00:00', '多雲短暫陣雨。溫度攝氏27至31度。舒適至悶熱。偏北風 風速<= 1級(每秒1公尺)。相對濕度78%。', '2020-08-30 16:48:40'),
(249, 12, '2020-09-04 06:00:00', '2020-09-04 18:00:00', '多雲短暫陣雨。溫度攝氏26至33度。舒適至易中暑。東北風 風速<= 1級(每秒1公尺)。相對濕度70%。', '2020-08-30 16:48:40'),
(250, 12, '2020-09-04 18:00:00', '2020-09-05 06:00:00', '多雲時晴。溫度攝氏27至30度。舒適至悶熱。偏西風 風速2級(每秒2公尺)。相對濕度79%。', '2020-08-30 16:48:40'),
(251, 12, '2020-09-05 06:00:00', '2020-09-05 18:00:00', '多雲短暫陣雨。溫度攝氏27至33度。舒適至易中暑。東南風 風速2級(每秒2公尺)。相對濕度69%。', '2020-08-30 16:48:40'),
(252, 12, '2020-09-05 18:00:00', '2020-09-06 06:00:00', '多雲短暫陣雨。溫度攝氏26至30度。舒適至悶熱。偏北風 風速2級(每秒2公尺)。相對濕度83%。', '2020-08-30 16:48:40'),
(253, 7, '2020-08-30 12:00:00', '2020-08-30 18:00:00', '多雲午後短暫雷陣雨。降雨機率 50%。溫度攝氏31至33度。悶熱至易中暑。東南風 風速2級(每秒3公尺)。相對濕度77%。', '2020-08-30 16:48:40'),
(254, 7, '2020-08-30 18:00:00', '2020-08-31 06:00:00', '多雲時晴。降雨機率 20%。溫度攝氏27至30度。悶熱。偏南風 風速2級(每秒3公尺)。相對濕度92%。', '2020-08-30 16:48:40'),
(255, 7, '2020-08-31 06:00:00', '2020-08-31 18:00:00', '多雲午後短暫雷陣雨。降雨機率 50%。溫度攝氏27至32度。悶熱至易中暑。偏南風 風速3級(每秒4公尺)。相對濕度90%。', '2020-08-30 16:48:40'),
(256, 7, '2020-08-31 18:00:00', '2020-09-01 06:00:00', '多雲短暫陣雨。降雨機率 30%。溫度攝氏27至30度。悶熱。西北風 風速2級(每秒3公尺)。相對濕度95%。', '2020-08-30 16:48:40'),
(257, 7, '2020-09-01 06:00:00', '2020-09-01 18:00:00', '多雲。降雨機率 20%。溫度攝氏27至32度。舒適至悶熱。西北風 風速4級(每秒6公尺)。相對濕度67%。', '2020-08-30 16:48:40'),
(258, 7, '2020-09-01 18:00:00', '2020-09-02 06:00:00', '多雲短暫陣雨。降雨機率 50%。溫度攝氏27至30度。悶熱。西南風 風速2級(每秒3公尺)。相對濕度88%。', '2020-08-30 16:48:40'),
(259, 7, '2020-09-02 06:00:00', '2020-09-02 18:00:00', '多雲短暫陣雨。溫度攝氏27至31度。悶熱。偏西風 風速2級(每秒3公尺)。相對濕度93%。', '2020-08-30 16:48:40'),
(260, 7, '2020-09-02 18:00:00', '2020-09-03 06:00:00', '多雲短暫陣雨。溫度攝氏27至29度。悶熱。偏南風 風速2級(每秒3公尺)。相對濕度90%。', '2020-08-30 16:48:40'),
(261, 7, '2020-09-03 06:00:00', '2020-09-03 18:00:00', '多雲短暫陣雨。溫度攝氏27至32度。悶熱。偏東風 風速2級(每秒3公尺)。相對濕度88%。', '2020-08-30 16:48:40'),
(262, 7, '2020-09-03 18:00:00', '2020-09-04 06:00:00', '多雲短暫陣雨。溫度攝氏27至30度。悶熱。東南風 風速2級(每秒2公尺)。相對濕度94%。', '2020-08-30 16:48:40'),
(263, 7, '2020-09-04 06:00:00', '2020-09-04 18:00:00', '多雲短暫陣雨。溫度攝氏27至31度。悶熱。偏北風 風速2級(每秒3公尺)。相對濕度85%。', '2020-08-30 16:48:40'),
(264, 7, '2020-09-04 18:00:00', '2020-09-05 06:00:00', '多雲短暫陣雨。溫度攝氏27至29度。舒適至悶熱。偏東風 風速2級(每秒3公尺)。相對濕度92%。', '2020-08-30 16:48:40'),
(265, 7, '2020-09-05 06:00:00', '2020-09-05 18:00:00', '多雲短暫陣雨。溫度攝氏27至32度。舒適至悶熱。東北風 風速3級(每秒4公尺)。相對濕度89%。', '2020-08-30 16:48:40'),
(266, 7, '2020-09-05 18:00:00', '2020-09-06 06:00:00', '多雲短暫陣雨。溫度攝氏26至29度。舒適至悶熱。東南風 風速2級(每秒3公尺)。相對濕度93%。', '2020-08-30 16:48:40'),
(267, 14, '2020-08-30 12:00:00', '2020-08-30 18:00:00', '晴時多雲。降雨機率 10%。溫度攝氏31至34度。悶熱。偏東風 風速2級(每秒3公尺)。相對濕度67%。', '2020-08-30 16:48:40'),
(268, 14, '2020-08-30 18:00:00', '2020-08-31 06:00:00', '多雲。降雨機率 20%。溫度攝氏26至30度。舒適至悶熱。偏東風 風速3級(每秒4公尺)。相對濕度88%。', '2020-08-30 16:48:40'),
(269, 14, '2020-08-31 06:00:00', '2020-08-31 18:00:00', '多雲短暫陣雨。降雨機率 60%。溫度攝氏26至32度。舒適至悶熱。東北風 風速2級(每秒3公尺)。相對濕度75%。', '2020-08-30 16:48:40'),
(270, 14, '2020-08-31 18:00:00', '2020-09-01 06:00:00', '多雲時陰短暫陣雨。降雨機率 60%。溫度攝氏26至30度。舒適至悶熱。西南風 風速2級(每秒2公尺)。相對濕度92%。', '2020-08-30 16:48:40'),
(271, 14, '2020-09-01 06:00:00', '2020-09-01 18:00:00', '多雲短暫陣雨。降雨機率 30%。溫度攝氏26至34度。舒適至易中暑。偏北風 風速2級(每秒2公尺)。相對濕度84%。', '2020-08-30 16:48:40'),
(272, 14, '2020-09-01 18:00:00', '2020-09-02 06:00:00', '多雲時晴。降雨機率 10%。溫度攝氏28至31度。舒適至悶熱。西南風 風速2級(每秒2公尺)。相對濕度75%。', '2020-08-30 16:48:40'),
(273, 14, '2020-09-02 06:00:00', '2020-09-02 18:00:00', '多雲。溫度攝氏27至34度。舒適至悶熱。偏西風 風速3級(每秒4公尺)。相對濕度62%。', '2020-08-30 16:48:40'),
(274, 14, '2020-09-02 18:00:00', '2020-09-03 06:00:00', '多雲。溫度攝氏27至31度。舒適至悶熱。西南風 風速2級(每秒2公尺)。相對濕度79%。', '2020-08-30 16:48:40'),
(275, 14, '2020-09-03 06:00:00', '2020-09-03 18:00:00', '多雲短暫陣雨。溫度攝氏26至34度。舒適至易中暑。偏西風 風速2級(每秒3公尺)。相對濕度71%。', '2020-08-30 16:48:40'),
(276, 14, '2020-09-03 18:00:00', '2020-09-04 06:00:00', '多雲短暫陣雨。溫度攝氏26至30度。舒適至悶熱。偏東風 風速2級(每秒2公尺)。相對濕度92%。', '2020-08-30 16:48:40'),
(277, 14, '2020-09-04 06:00:00', '2020-09-04 18:00:00', '多雲午後短暫雷陣雨。溫度攝氏26至33度。舒適至易中暑。偏北風 風速2級(每秒2公尺)。相對濕度79%。', '2020-08-30 16:48:40'),
(278, 14, '2020-09-04 18:00:00', '2020-09-05 06:00:00', '多雲短暫陣雨。溫度攝氏26至30度。舒適至悶熱。東北風 風速2級(每秒2公尺)。相對濕度81%。', '2020-08-30 16:48:40'),
(279, 14, '2020-09-05 06:00:00', '2020-09-05 18:00:00', '多雲。溫度攝氏26至34度。舒適至悶熱。偏東風 風速2級(每秒3公尺)。相對濕度63%。', '2020-08-30 16:48:40'),
(280, 14, '2020-09-05 18:00:00', '2020-09-06 06:00:00', '多雲時晴。溫度攝氏24至29度。舒適。偏東風 風速2級(每秒2公尺)。相對濕度77%。', '2020-08-30 16:48:40'),
(281, 1, '2020-08-30 12:00:00', '2020-08-30 18:00:00', '多雲午後短暫雷陣雨。降雨機率 50%。溫度攝氏31至33度。悶熱至易中暑。西北風 風速2級(每秒2公尺)。相對濕度79%。', '2020-08-30 16:48:40'),
(282, 1, '2020-08-30 18:00:00', '2020-08-31 06:00:00', '晴時多雲。降雨機率 20%。溫度攝氏26至30度。舒適至悶熱。偏北風 風速2級(每秒2公尺)。相對濕度96%。', '2020-08-30 16:48:40'),
(283, 1, '2020-08-31 06:00:00', '2020-08-31 18:00:00', '多雲午後短暫雷陣雨。降雨機率 40%。溫度攝氏26至34度。舒適至易中暑。東南風 風速3級(每秒5公尺)。相對濕度81%。', '2020-08-30 16:48:40'),
(284, 1, '2020-08-31 18:00:00', '2020-09-01 06:00:00', '多雲。降雨機率 10%。溫度攝氏26至30度。舒適至悶熱。西南風 風速2級(每秒2公尺)。相對濕度95%。', '2020-08-30 16:48:40'),
(285, 1, '2020-09-01 06:00:00', '2020-09-01 18:00:00', '多雲時晴。降雨機率 20%。溫度攝氏26至34度。舒適至悶熱。偏北風 風速2級(每秒3公尺)。相對濕度75%。', '2020-08-30 16:48:40'),
(286, 1, '2020-09-01 18:00:00', '2020-09-02 06:00:00', '多雲短暫陣雨。降雨機率 30%。溫度攝氏26至30度。舒適至悶熱。偏南風 風速2級(每秒3公尺)。相對濕度92%。', '2020-08-30 16:48:40'),
(287, 1, '2020-09-02 06:00:00', '2020-09-02 18:00:00', '多雲短暫陣雨。溫度攝氏26至32度。舒適至易中暑。偏南風 風速2級(每秒3公尺)。相對濕度84%。', '2020-08-30 16:48:40'),
(288, 1, '2020-09-02 18:00:00', '2020-09-03 06:00:00', '多雲短暫陣雨。溫度攝氏26至29度。舒適至悶熱。偏南風 風速2級(每秒3公尺)。相對濕度94%。', '2020-08-30 16:48:40'),
(289, 1, '2020-09-03 06:00:00', '2020-09-03 18:00:00', '多雲短暫陣雨。溫度攝氏26至33度。舒適至易中暑。偏西風 風速2級(每秒3公尺)。相對濕度78%。', '2020-08-30 16:48:40'),
(290, 1, '2020-09-03 18:00:00', '2020-09-04 06:00:00', '多雲短暫陣雨。溫度攝氏26至30度。舒適至悶熱。偏西風 風速2級(每秒2公尺)。相對濕度94%。', '2020-08-30 16:48:40'),
(291, 1, '2020-09-04 06:00:00', '2020-09-04 18:00:00', '多雲短暫陣雨。溫度攝氏26至33度。舒適至易中暑。偏東風 風速2級(每秒2公尺)。相對濕度83%。', '2020-08-30 16:48:40'),
(292, 1, '2020-09-04 18:00:00', '2020-09-05 06:00:00', '多雲短暫陣雨。溫度攝氏26至29度。舒適至悶熱。偏南風 風速2級(每秒2公尺)。相對濕度96%。', '2020-08-30 16:48:40'),
(293, 1, '2020-09-05 06:00:00', '2020-09-05 18:00:00', '多雲短暫陣雨。溫度攝氏26至32度。舒適至易中暑。東南風 風速2級(每秒3公尺)。相對濕度82%。', '2020-08-30 16:48:40'),
(294, 1, '2020-09-05 18:00:00', '2020-09-06 06:00:00', '多雲短暫陣雨。溫度攝氏25至29度。舒適至悶熱。東南風 風速2級(每秒2公尺)。相對濕度91%。', '2020-08-30 16:48:40'),
(295, 3, '2020-08-30 12:00:00', '2020-08-30 18:00:00', '多雲午後短暫雷陣雨。降雨機率 70%。溫度攝氏30至34度。悶熱至易中暑。西北風 風速<= 1級(每秒1公尺)。相對濕度73%。', '2020-08-30 16:48:40'),
(296, 3, '2020-08-30 18:00:00', '2020-08-31 06:00:00', '晴時多雲。降雨機率 10%。溫度攝氏25至29度。舒適至悶熱。偏南風 風速<= 1級(每秒1公尺)。相對濕度92%。', '2020-08-30 16:48:40'),
(297, 3, '2020-08-31 06:00:00', '2020-08-31 18:00:00', '多雲午後短暫雷陣雨。降雨機率 60%。溫度攝氏25至33度。舒適至悶熱。偏北風 風速2級(每秒2公尺)。相對濕度77%。', '2020-08-30 16:48:40'),
(298, 3, '2020-08-31 18:00:00', '2020-09-01 06:00:00', '多雲。降雨機率 10%。溫度攝氏25至29度。舒適至悶熱。西南風 風速<= 1級(每秒1公尺)。相對濕度90%。', '2020-08-30 16:48:40'),
(299, 3, '2020-09-01 06:00:00', '2020-09-01 18:00:00', '多雲。降雨機率 20%。溫度攝氏25至34度。舒適至悶熱。西北風 風速2級(每秒2公尺)。相對濕度71%。', '2020-08-30 16:48:40'),
(300, 3, '2020-09-01 18:00:00', '2020-09-02 06:00:00', '多雲短暫陣雨。降雨機率 30%。溫度攝氏25至29度。舒適至悶熱。西北風 風速2級(每秒2公尺)。相對濕度87%。', '2020-08-30 16:48:40'),
(301, 3, '2020-09-02 06:00:00', '2020-09-02 18:00:00', '多雲短暫陣雨。溫度攝氏25至33度。舒適至易中暑。偏南風 風速2級(每秒2公尺)。相對濕度76%。', '2020-08-30 16:48:40'),
(302, 3, '2020-09-02 18:00:00', '2020-09-03 06:00:00', '多雲短暫陣雨。溫度攝氏25至29度。舒適至悶熱。偏南風 風速2級(每秒2公尺)。相對濕度86%。', '2020-08-30 16:48:40'),
(303, 3, '2020-09-03 06:00:00', '2020-09-03 18:00:00', '多雲短暫陣雨。溫度攝氏25至34度。舒適至易中暑。西南風 風速2級(每秒2公尺)。相對濕度71%。', '2020-08-30 16:48:40'),
(304, 3, '2020-09-03 18:00:00', '2020-09-04 06:00:00', '多雲短暫陣雨。溫度攝氏25至29度。舒適至悶熱。西南風 風速<= 1級(每秒1公尺)。相對濕度87%。', '2020-08-30 16:48:40'),
(305, 3, '2020-09-04 06:00:00', '2020-09-04 18:00:00', '多雲短暫陣雨。溫度攝氏25至33度。舒適至易中暑。東北風 風速<= 1級(每秒1公尺)。相對濕度74%。', '2020-08-30 16:48:40'),
(306, 3, '2020-09-04 18:00:00', '2020-09-05 06:00:00', '多雲短暫陣雨。溫度攝氏25至29度。舒適至悶熱。偏南風 風速2級(每秒2公尺)。相對濕度89%。', '2020-08-30 16:48:40'),
(307, 3, '2020-09-05 06:00:00', '2020-09-05 18:00:00', '多雲短暫陣雨。溫度攝氏25至33度。舒適至易中暑。東南風 風速2級(每秒2公尺)。相對濕度74%。', '2020-08-30 16:48:40'),
(308, 3, '2020-09-05 18:00:00', '2020-09-06 06:00:00', '多雲時晴。溫度攝氏25至29度。舒適至悶熱。偏北風 風速2級(每秒2公尺)。相對濕度87%。', '2020-08-30 16:48:40');

-- --------------------------------------------------------

--
-- Table structure for table `weather2d`
--

CREATE TABLE `weather2d` (
  `weather2dId` int NOT NULL,
  `countryId` int NOT NULL,
  `startTime` datetime NOT NULL,
  `endTime` datetime NOT NULL,
  `weather` varchar(100) CHARACTER SET utf8mb4 COLLATE utf8mb4_0900_ai_ci NOT NULL,
  `storeDate` datetime NOT NULL
) ENGINE=InnoDB DEFAULT CHARSET=utf8mb4 COLLATE=utf8mb4_0900_ai_ci;

--
-- Dumping data for table `weather2d`
--

INSERT INTO `weather2d` (`weather2dId`, `countryId`, `startTime`, `endTime`, `weather`, `storeDate`) VALUES
(1585, 10, '2020-08-30 12:00:00', '2020-08-30 15:00:00', '午後短暫雷陣雨。降雨機率 60%。溫度攝氏34度。易中暑。偏北風 平均風速<= 1級(每秒1公尺)。相對濕度67%。', '2020-08-30 16:44:10'),
(1586, 10, '2020-08-30 15:00:00', '2020-08-30 18:00:00', '午後短暫雷陣雨。降雨機率 60%。溫度攝氏33度。易中暑。偏北風 平均風速<= 1級(每秒2公尺)。相對濕度77%。', '2020-08-30 16:44:10'),
(1587, 10, '2020-08-30 18:00:00', '2020-08-30 21:00:00', '晴。降雨機率 10%。溫度攝氏29度。悶熱。偏南風 平均風速<= 1級(每秒0公尺)。相對濕度88%。', '2020-08-30 16:44:10'),
(1588, 10, '2020-08-30 21:00:00', '2020-08-31 00:00:00', '晴。降雨機率 10%。溫度攝氏27度。悶熱。偏南風 平均風速1-2級(每秒2公尺)。相對濕度91%。', '2020-08-30 16:44:10'),
(1589, 10, '2020-08-31 00:00:00', '2020-08-31 03:00:00', '多雲。降雨機率 20%。溫度攝氏26度。悶熱。西南風 平均風速<= 1級(每秒1公尺)。相對濕度96%。', '2020-08-30 16:44:10'),
(1590, 10, '2020-08-31 03:00:00', '2020-08-31 06:00:00', '晴。降雨機率 20%。溫度攝氏26度。舒適。偏東風 平均風速<= 1級(每秒1公尺)。相對濕度95%。', '2020-08-30 16:44:10'),
(1591, 10, '2020-08-31 06:00:00', '2020-08-31 09:00:00', '晴。降雨機率 20%。溫度攝氏25度。舒適。偏北風 平均風速<= 1級(每秒2公尺)。相對濕度90%。', '2020-08-30 16:44:10'),
(1592, 10, '2020-08-31 09:00:00', '2020-08-31 12:00:00', '多雲。降雨機率 20%。溫度攝氏29度。悶熱。西北風 平均風速1-2級(每秒2公尺)。相對濕度76%。', '2020-08-30 16:44:10'),
(1593, 10, '2020-08-31 12:00:00', '2020-08-31 15:00:00', '午後短暫雷陣雨。降雨機率 40%。溫度攝氏33度。易中暑。西北風 平均風速<= 1級(每秒1公尺)。相對濕度70%。', '2020-08-30 16:44:10'),
(1594, 10, '2020-08-31 15:00:00', '2020-08-31 18:00:00', '多雲。降雨機率 40%。溫度攝氏32度。易中暑。偏南風 平均風速<= 1級(每秒2公尺)。相對濕度79%。', '2020-08-30 16:44:10'),
(1595, 10, '2020-08-31 18:00:00', '2020-08-31 21:00:00', '多雲。降雨機率 10%。溫度攝氏29度。悶熱。偏西風 平均風速<= 1級(每秒2公尺)。相對濕度87%。', '2020-08-30 16:44:10'),
(1596, 10, '2020-08-31 21:00:00', '2020-09-01 00:00:00', '多雲。降雨機率 10%。溫度攝氏27度。悶熱。西南風 平均風速<= 1級(每秒0公尺)。相對濕度91%。', '2020-08-30 16:44:10'),
(1597, 10, '2020-09-01 00:00:00', '2020-09-01 03:00:00', '多雲。降雨機率 10%。溫度攝氏27度。悶熱。西南風 平均風速<= 1級(每秒0公尺)。相對濕度95%。', '2020-08-30 16:44:10'),
(1598, 10, '2020-09-01 03:00:00', '2020-09-01 06:00:00', '多雲。降雨機率 10%。溫度攝氏26度。舒適。西南風 平均風速<= 1級(每秒0公尺)。相對濕度93%。', '2020-08-30 16:44:10'),
(1599, 10, '2020-09-01 06:00:00', '2020-09-01 09:00:00', '多雲。降雨機率 20%。溫度攝氏25度。舒適。西南風 平均風速<= 1級(每秒0公尺)。相對濕度91%。', '2020-08-30 16:44:10'),
(1600, 10, '2020-09-01 09:00:00', '2020-09-01 12:00:00', '多雲。降雨機率 20%。溫度攝氏29度。悶熱。西北風 平均風速1-2級(每秒2公尺)。相對濕度74%。', '2020-08-30 16:44:10'),
(1601, 10, '2020-09-01 12:00:00', '2020-09-01 15:00:00', '午後短暫雷陣雨。降雨機率 30%。溫度攝氏33度。易中暑。偏北風 平均風速<= 1級(每秒2公尺)。相對濕度61%。', '2020-08-30 16:44:10'),
(1602, 10, '2020-09-01 15:00:00', '2020-09-01 18:00:00', '午後短暫雷陣雨。降雨機率 30%。溫度攝氏32度。易中暑。西北風 平均風速1-2級(每秒2公尺)。相對濕度67%。', '2020-08-30 16:44:10'),
(1603, 10, '2020-09-01 18:00:00', '2020-09-01 21:00:00', '多雲。降雨機率 10%。溫度攝氏29度。悶熱。西北風 平均風速<= 1級(每秒1公尺)。相對濕度82%。', '2020-08-30 16:44:10'),
(1604, 10, '2020-09-01 21:00:00', '2020-09-02 00:00:00', '多雲。降雨機率 10%。溫度攝氏28度。悶熱。偏南風 平均風速<= 1級(每秒2公尺)。相對濕度89%。', '2020-08-30 16:44:10'),
(1605, 10, '2020-09-02 00:00:00', '2020-09-02 03:00:00', '多雲。降雨機率 30%。溫度攝氏27度。悶熱。偏南風 平均風速<= 1級(每秒2公尺)。相對濕度88%。', '2020-08-30 16:44:10'),
(1606, 10, '2020-09-02 03:00:00', '2020-09-02 06:00:00', '短暫陣雨。降雨機率 30%。溫度攝氏26度。舒適。偏南風 平均風速1-2級(每秒2公尺)。相對濕度82%。', '2020-08-30 16:44:10'),
(1607, 10, '2020-09-02 06:00:00', '2020-09-02 09:00:00', '短暫陣雨。溫度攝氏26度。舒適。西南風 平均風速1-2級(每秒2公尺)。相對濕度74%。', '2020-08-30 16:44:10'),
(1608, 10, '2020-09-02 09:00:00', '2020-09-02 12:00:00', '短暫陣雨。溫度攝氏29度。悶熱。西南風 平均風速1-2級(每秒2公尺)。相對濕度70%。', '2020-08-30 16:44:10'),
(1609, 15, '2020-08-30 12:00:00', '2020-08-30 15:00:00', '多雲。降雨機率 70%。溫度攝氏33度。悶熱。西北風 平均風速<= 1級(每秒1公尺)。相對濕度63%。', '2020-08-30 16:44:10'),
(1610, 15, '2020-08-30 15:00:00', '2020-08-30 18:00:00', '午後短暫雷陣雨。降雨機率 70%。溫度攝氏33度。易中暑。偏南風 平均風速<= 1級(每秒0公尺)。相對濕度71%。', '2020-08-30 16:44:10'),
(1611, 15, '2020-08-30 18:00:00', '2020-08-30 21:00:00', '多雲。降雨機率 20%。溫度攝氏30度。悶熱。偏南風 平均風速<= 1級(每秒0公尺)。相對濕度85%。', '2020-08-30 16:44:10'),
(1612, 15, '2020-08-30 21:00:00', '2020-08-31 00:00:00', '晴。降雨機率 20%。溫度攝氏28度。悶熱。偏南風 平均風速<= 1級(每秒0公尺)。相對濕度91%。', '2020-08-30 16:44:10'),
(1613, 15, '2020-08-31 00:00:00', '2020-08-31 03:00:00', '晴。降雨機率 10%。溫度攝氏26度。悶熱。西南風 平均風速<= 1級(每秒1公尺)。相對濕度98%。', '2020-08-30 16:44:10'),
(1614, 15, '2020-08-31 03:00:00', '2020-08-31 06:00:00', '晴。降雨機率 10%。溫度攝氏26度。悶熱。東南風 平均風速<= 1級(每秒0公尺)。相對濕度98%。', '2020-08-30 16:44:10'),
(1615, 15, '2020-08-31 06:00:00', '2020-08-31 09:00:00', '晴。降雨機率 20%。溫度攝氏25度。舒適。東北風 平均風速<= 1級(每秒2公尺)。相對濕度89%。', '2020-08-30 16:44:10'),
(1616, 15, '2020-08-31 09:00:00', '2020-08-31 12:00:00', '晴。降雨機率 20%。溫度攝氏29度。悶熱。西北風 平均風速1-2級(每秒2公尺)。相對濕度73%。', '2020-08-30 16:44:10'),
(1617, 15, '2020-08-31 12:00:00', '2020-08-31 15:00:00', '午後短暫雷陣雨。降雨機率 40%。溫度攝氏33度。悶熱。偏北風 平均風速1-2級(每秒3公尺)。相對濕度63%。', '2020-08-30 16:44:10'),
(1618, 15, '2020-08-31 15:00:00', '2020-08-31 18:00:00', '午後短暫雷陣雨。降雨機率 40%。溫度攝氏33度。易中暑。偏西風 平均風速<= 1級(每秒1公尺)。相對濕度72%。', '2020-08-30 16:44:10'),
(1619, 15, '2020-08-31 18:00:00', '2020-08-31 21:00:00', '多雲。降雨機率 10%。溫度攝氏30度。悶熱。偏南風 平均風速<= 1級(每秒1公尺)。相對濕度84%。', '2020-08-30 16:44:10'),
(1620, 15, '2020-08-31 21:00:00', '2020-09-01 00:00:00', '多雲。降雨機率 10%。溫度攝氏28度。悶熱。西南風 平均風速<= 1級(每秒0公尺)。相對濕度86%。', '2020-08-30 16:44:10'),
(1621, 15, '2020-09-01 00:00:00', '2020-09-01 03:00:00', '多雲。降雨機率 10%。溫度攝氏26度。悶熱。西南風 平均風速<= 1級(每秒0公尺)。相對濕度90%。', '2020-08-30 16:44:10'),
(1622, 15, '2020-09-01 03:00:00', '2020-09-01 06:00:00', '多雲。降雨機率 10%。溫度攝氏26度。舒適。西南風 平均風速<= 1級(每秒0公尺)。相對濕度94%。', '2020-08-30 16:44:10'),
(1623, 15, '2020-09-01 06:00:00', '2020-09-01 09:00:00', '多雲。降雨機率 20%。溫度攝氏25度。舒適。西南風 平均風速<= 1級(每秒0公尺)。相對濕度89%。', '2020-08-30 16:44:10'),
(1624, 15, '2020-09-01 09:00:00', '2020-09-01 12:00:00', '多雲。降雨機率 20%。溫度攝氏29度。悶熱。西北風 平均風速1-2級(每秒2公尺)。相對濕度70%。', '2020-08-30 16:44:10'),
(1625, 15, '2020-09-01 12:00:00', '2020-09-01 15:00:00', '多雲。降雨機率 10%。溫度攝氏33度。悶熱。偏北風 平均風速<= 1級(每秒1公尺)。相對濕度56%。', '2020-08-30 16:44:10'),
(1626, 15, '2020-09-01 15:00:00', '2020-09-01 18:00:00', '多雲。降雨機率 10%。溫度攝氏33度。易中暑。西北風 平均風速<= 1級(每秒2公尺)。相對濕度67%。', '2020-08-30 16:44:10'),
(1627, 15, '2020-09-01 18:00:00', '2020-09-01 21:00:00', '多雲。降雨機率 10%。溫度攝氏30度。悶熱。西北風 平均風速<= 1級(每秒1公尺)。相對濕度83%。', '2020-08-30 16:44:10'),
(1628, 15, '2020-09-01 21:00:00', '2020-09-02 00:00:00', '多雲。降雨機率 10%。溫度攝氏28度。悶熱。西南風 平均風速<= 1級(每秒1公尺)。相對濕度88%。', '2020-08-30 16:44:10'),
(1629, 15, '2020-09-02 00:00:00', '2020-09-02 03:00:00', '多雲。降雨機率 10%。溫度攝氏27度。悶熱。東南風 平均風速<= 1級(每秒1公尺)。相對濕度92%。', '2020-08-30 16:44:10'),
(1630, 15, '2020-09-02 03:00:00', '2020-09-02 06:00:00', '多雲。降雨機率 10%。溫度攝氏26度。舒適。東南風 平均風速<= 1級(每秒2公尺)。相對濕度89%。', '2020-08-30 16:44:10'),
(1631, 15, '2020-09-02 06:00:00', '2020-09-02 09:00:00', '短暫陣雨。溫度攝氏25度。舒適。偏南風 平均風速<= 1級(每秒2公尺)。相對濕度75%。', '2020-08-30 16:44:10'),
(1632, 15, '2020-09-02 09:00:00', '2020-09-02 12:00:00', '短暫陣雨。溫度攝氏29度。悶熱。偏南風 平均風速<= 1級(每秒2公尺)。相對濕度64%。', '2020-08-30 16:44:10'),
(1633, 22, '2020-08-30 12:00:00', '2020-08-30 15:00:00', '短暫陣雨。降雨機率 30%。溫度攝氏31度。悶熱。東北風 平均風速3-4級(每秒8公尺)。相對濕度79%。', '2020-08-30 16:44:10'),
(1634, 22, '2020-08-30 15:00:00', '2020-08-30 18:00:00', '短暫陣雨。降雨機率 30%。溫度攝氏31度。悶熱。東北風 平均風速3-4級(每秒7公尺)。相對濕度80%。', '2020-08-30 16:44:10'),
(1635, 22, '2020-08-30 18:00:00', '2020-08-30 21:00:00', '晴。降雨機率 20%。溫度攝氏28度。悶熱。東北風 平均風速3-4級(每秒7公尺)。相對濕度88%。', '2020-08-30 16:44:10'),
(1636, 22, '2020-08-30 21:00:00', '2020-08-31 00:00:00', '晴。降雨機率 20%。溫度攝氏28度。悶熱。東北風 平均風速3-4級(每秒7公尺)。相對濕度91%。', '2020-08-30 16:44:10'),
(1637, 22, '2020-08-31 00:00:00', '2020-08-31 03:00:00', '多雲。降雨機率 30%。溫度攝氏27度。悶熱。東北風 平均風速3-4級(每秒8公尺)。相對濕度94%。', '2020-08-30 16:44:10'),
(1638, 22, '2020-08-31 03:00:00', '2020-08-31 06:00:00', '短暫陣雨。降雨機率 30%。溫度攝氏27度。悶熱。偏北風 平均風速3-4級(每秒7公尺)。相對濕度94%。', '2020-08-30 16:44:10'),
(1639, 22, '2020-08-31 06:00:00', '2020-08-31 09:00:00', '晴。降雨機率 10%。溫度攝氏27度。悶熱。偏北風 平均風速3-4級(每秒7公尺)。相對濕度91%。', '2020-08-30 16:44:10'),
(1640, 22, '2020-08-31 09:00:00', '2020-08-31 12:00:00', '晴。降雨機率 10%。溫度攝氏29度。悶熱。東北風 平均風速3-4級(每秒8公尺)。相對濕度82%。', '2020-08-30 16:44:10'),
(1641, 22, '2020-08-31 12:00:00', '2020-08-31 15:00:00', '晴。降雨機率 10%。溫度攝氏31度。悶熱。東北風 平均風速4-5級(每秒8公尺)。相對濕度78%。', '2020-08-30 16:44:10'),
(1642, 22, '2020-08-31 15:00:00', '2020-08-31 18:00:00', '晴。降雨機率 10%。溫度攝氏31度。悶熱。東北風 平均風速3-4級(每秒8公尺)。相對濕度81%。', '2020-08-30 16:44:10'),
(1643, 22, '2020-08-31 18:00:00', '2020-08-31 21:00:00', '晴。降雨機率 10%。溫度攝氏28度。悶熱。偏北風 平均風速3-4級(每秒7公尺)。相對濕度88%。', '2020-08-30 16:44:10'),
(1644, 22, '2020-08-31 21:00:00', '2020-09-01 00:00:00', '多雲。降雨機率 10%。溫度攝氏28度。悶熱。西北風 平均風速3-4級(每秒6公尺)。相對濕度92%。', '2020-08-30 16:44:10'),
(1645, 22, '2020-09-01 00:00:00', '2020-09-01 03:00:00', '多雲。降雨機率 10%。溫度攝氏27度。悶熱。西北風 平均風速2-3級(每秒5公尺)。相對濕度91%。', '2020-08-30 16:44:10'),
(1646, 22, '2020-09-01 03:00:00', '2020-09-01 06:00:00', '晴。降雨機率 10%。溫度攝氏27度。悶熱。西北風 平均風速2-3級(每秒4公尺)。相對濕度91%。', '2020-08-30 16:44:10'),
(1647, 22, '2020-09-01 06:00:00', '2020-09-01 09:00:00', '晴。降雨機率 10%。溫度攝氏27度。悶熱。西北風 平均風速2-3級(每秒4公尺)。相對濕度87%。', '2020-08-30 16:44:10'),
(1648, 22, '2020-09-01 09:00:00', '2020-09-01 12:00:00', '晴。降雨機率 10%。溫度攝氏30度。悶熱。偏西風 平均風速1-2級(每秒2公尺)。相對濕度68%。', '2020-08-30 16:44:10'),
(1649, 22, '2020-09-01 12:00:00', '2020-09-01 15:00:00', '晴。降雨機率 10%。溫度攝氏32度。悶熱。偏南風 平均風速2-3級(每秒5公尺)。相對濕度60%。', '2020-08-30 16:44:10'),
(1650, 22, '2020-09-01 15:00:00', '2020-09-01 18:00:00', '多雲。降雨機率 10%。溫度攝氏32度。悶熱。偏南風 平均風速3-4級(每秒6公尺)。相對濕度70%。', '2020-08-30 16:44:10'),
(1651, 22, '2020-09-01 18:00:00', '2020-09-01 21:00:00', '多雲。降雨機率 10%。溫度攝氏29度。悶熱。西南風 平均風速3-4級(每秒8公尺)。相對濕度83%。', '2020-08-30 16:44:10'),
(1652, 22, '2020-09-01 21:00:00', '2020-09-02 00:00:00', '多雲。降雨機率 10%。溫度攝氏29度。悶熱。西南風 平均風速3-4級(每秒6公尺)。相對濕度89%。', '2020-08-30 16:44:10'),
(1653, 22, '2020-09-02 00:00:00', '2020-09-02 03:00:00', '多雲。降雨機率 10%。溫度攝氏29度。悶熱。西南風 平均風速3-4級(每秒6公尺)。相對濕度92%。', '2020-08-30 16:44:10'),
(1654, 22, '2020-09-02 03:00:00', '2020-09-02 06:00:00', '多雲。降雨機率 10%。溫度攝氏28度。悶熱。西南風 平均風速2-3級(每秒4公尺)。相對濕度91%。', '2020-08-30 16:44:10'),
(1655, 22, '2020-09-02 06:00:00', '2020-09-02 09:00:00', '多雲。溫度攝氏28度。悶熱。西南風 平均風速1-2級(每秒3公尺)。相對濕度89%。', '2020-08-30 16:44:10'),
(1656, 22, '2020-09-02 09:00:00', '2020-09-02 12:00:00', '多雲。溫度攝氏30度。悶熱。西南風 平均風速2-3級(每秒4公尺)。相對濕度85%。', '2020-08-30 16:44:10'),
(1657, 13, '2020-08-30 12:00:00', '2020-08-30 15:00:00', '晴。降雨機率 20%。溫度攝氏32度。易中暑。東北風 平均風速1-2級(每秒3公尺)。相對濕度76%。', '2020-08-30 16:44:10'),
(1658, 13, '2020-08-30 15:00:00', '2020-08-30 18:00:00', '晴。降雨機率 20%。溫度攝氏32度。易中暑。偏東風 平均風速1-2級(每秒3公尺)。相對濕度78%。', '2020-08-30 16:44:10'),
(1659, 13, '2020-08-30 18:00:00', '2020-08-30 21:00:00', '晴。降雨機率 10%。溫度攝氏30度。悶熱。西南風 平均風速1-2級(每秒2公尺)。相對濕度82%。', '2020-08-30 16:44:10'),
(1660, 13, '2020-08-30 21:00:00', '2020-08-31 00:00:00', '晴。降雨機率 10%。溫度攝氏28度。悶熱。西南風 平均風速1-2級(每秒2公尺)。相對濕度85%。', '2020-08-30 16:44:10'),
(1661, 13, '2020-08-31 00:00:00', '2020-08-31 03:00:00', '晴。降雨機率 10%。溫度攝氏28度。悶熱。西北風 平均風速1-2級(每秒2公尺)。相對濕度84%。', '2020-08-30 16:44:10'),
(1662, 13, '2020-08-31 03:00:00', '2020-08-31 06:00:00', '晴。降雨機率 10%。溫度攝氏27度。悶熱。西北風 平均風速1-2級(每秒3公尺)。相對濕度84%。', '2020-08-30 16:44:10'),
(1663, 13, '2020-08-31 06:00:00', '2020-08-31 09:00:00', '晴。降雨機率 10%。溫度攝氏26度。舒適。東北風 平均風速<= 1級(每秒2公尺)。相對濕度83%。', '2020-08-30 16:44:10'),
(1664, 13, '2020-08-31 09:00:00', '2020-08-31 12:00:00', '晴。降雨機率 10%。溫度攝氏30度。悶熱。東南風 平均風速1-2級(每秒3公尺)。相對濕度72%。', '2020-08-30 16:44:10'),
(1665, 13, '2020-08-31 12:00:00', '2020-08-31 15:00:00', '多雲。降雨機率 20%。溫度攝氏32度。悶熱。東南風 平均風速1-2級(每秒3公尺)。相對濕度65%。', '2020-08-30 16:44:10'),
(1666, 13, '2020-08-31 15:00:00', '2020-08-31 18:00:00', '多雲。降雨機率 20%。溫度攝氏32度。悶熱。偏南風 平均風速<= 1級(每秒2公尺)。相對濕度68%。', '2020-08-30 16:44:10'),
(1667, 13, '2020-08-31 18:00:00', '2020-08-31 21:00:00', '多雲。降雨機率 10%。溫度攝氏30度。悶熱。偏西風 平均風速1-2級(每秒2公尺)。相對濕度76%。', '2020-08-30 16:44:10'),
(1668, 13, '2020-08-31 21:00:00', '2020-09-01 00:00:00', '多雲。降雨機率 10%。溫度攝氏28度。悶熱。西南風 平均風速1-2級(每秒2公尺)。相對濕度79%。', '2020-08-30 16:44:10'),
(1669, 13, '2020-09-01 00:00:00', '2020-09-01 03:00:00', '多雲。降雨機率 10%。溫度攝氏28度。悶熱。西南風 平均風速1-2級(每秒2公尺)。相對濕度83%。', '2020-08-30 16:44:10'),
(1670, 13, '2020-09-01 03:00:00', '2020-09-01 06:00:00', '多雲。降雨機率 10%。溫度攝氏27度。舒適。西北風 平均風速1-2級(每秒2公尺)。相對濕度80%。', '2020-08-30 16:44:10'),
(1671, 13, '2020-09-01 06:00:00', '2020-09-01 09:00:00', '多雲。降雨機率 10%。溫度攝氏26度。舒適。東南風 平均風速1-2級(每秒2公尺)。相對濕度81%。', '2020-08-30 16:44:10'),
(1672, 13, '2020-09-01 09:00:00', '2020-09-01 12:00:00', '晴。降雨機率 10%。溫度攝氏30度。悶熱。偏東風 平均風速1-2級(每秒3公尺)。相對濕度76%。', '2020-08-30 16:44:10'),
(1673, 13, '2020-09-01 12:00:00', '2020-09-01 15:00:00', '多雲。降雨機率 20%。溫度攝氏32度。悶熱。東南風 平均風速<= 1級(每秒2公尺)。相對濕度77%。', '2020-08-30 16:44:10'),
(1674, 13, '2020-09-01 15:00:00', '2020-09-01 18:00:00', '多雲。降雨機率 20%。溫度攝氏31度。悶熱。偏南風 平均風速<= 1級(每秒2公尺)。相對濕度75%。', '2020-08-30 16:44:10'),
(1675, 13, '2020-09-01 18:00:00', '2020-09-01 21:00:00', '多雲。降雨機率 10%。溫度攝氏29度。悶熱。偏北風 平均風速<= 1級(每秒2公尺)。相對濕度78%。', '2020-08-30 16:44:10'),
(1676, 13, '2020-09-01 21:00:00', '2020-09-02 00:00:00', '多雲。降雨機率 10%。溫度攝氏28度。悶熱。西北風 平均風速1-2級(每秒2公尺)。相對濕度82%。', '2020-08-30 16:44:10'),
(1677, 13, '2020-09-02 00:00:00', '2020-09-02 03:00:00', '多雲。降雨機率 10%。溫度攝氏27度。悶熱。西南風 平均風速1-2級(每秒2公尺)。相對濕度83%。', '2020-08-30 16:44:10'),
(1678, 13, '2020-09-02 03:00:00', '2020-09-02 06:00:00', '多雲。降雨機率 10%。溫度攝氏27度。悶熱。西北風 平均風速1-2級(每秒2公尺)。相對濕度82%。', '2020-08-30 16:44:10'),
(1679, 13, '2020-09-02 06:00:00', '2020-09-02 09:00:00', '多雲。溫度攝氏26度。舒適。東北風 平均風速1-2級(每秒2公尺)。相對濕度78%。', '2020-08-30 16:44:10'),
(1680, 13, '2020-09-02 09:00:00', '2020-09-02 12:00:00', '多雲。溫度攝氏30度。悶熱。東北風 平均風速1-2級(每秒2公尺)。相對濕度74%。', '2020-08-30 16:44:10'),
(1681, 17, '2020-08-30 12:00:00', '2020-08-30 15:00:00', '晴。降雨機率 10%。溫度攝氏35度。易中暑。東北風 平均風速3-4級(每秒6公尺)。相對濕度60%。', '2020-08-30 16:44:10'),
(1682, 17, '2020-08-30 15:00:00', '2020-08-30 18:00:00', '晴。降雨機率 10%。溫度攝氏34度。易中暑。東北風 平均風速3-4級(每秒7公尺)。相對濕度60%。', '2020-08-30 16:44:10'),
(1683, 17, '2020-08-30 18:00:00', '2020-08-30 21:00:00', '晴。降雨機率 10%。溫度攝氏31度。悶熱。東北風 平均風速3-4級(每秒6公尺)。相對濕度73%。', '2020-08-30 16:44:10'),
(1684, 17, '2020-08-30 21:00:00', '2020-08-31 00:00:00', '晴。降雨機率 10%。溫度攝氏29度。悶熱。東北風 平均風速3-4級(每秒6公尺)。相對濕度82%。', '2020-08-30 16:44:10'),
(1685, 17, '2020-08-31 00:00:00', '2020-08-31 03:00:00', '晴。降雨機率 10%。溫度攝氏29度。悶熱。西南風 平均風速2-3級(每秒5公尺)。相對濕度86%。', '2020-08-30 16:44:10'),
(1686, 17, '2020-08-31 03:00:00', '2020-08-31 06:00:00', '晴。降雨機率 10%。溫度攝氏28度。悶熱。西南風 平均風速2-3級(每秒4公尺)。相對濕度85%。', '2020-08-30 16:44:10'),
(1687, 17, '2020-08-31 06:00:00', '2020-08-31 09:00:00', '晴。降雨機率 10%。溫度攝氏28度。悶熱。偏北風 平均風速2-3級(每秒5公尺)。相對濕度79%。', '2020-08-30 16:44:10'),
(1688, 17, '2020-08-31 09:00:00', '2020-08-31 12:00:00', '晴。降雨機率 10%。溫度攝氏32度。悶熱。東北風 平均風速2-3級(每秒5公尺)。相對濕度67%。', '2020-08-30 16:44:10'),
(1689, 17, '2020-08-31 12:00:00', '2020-08-31 15:00:00', '晴。降雨機率 20%。溫度攝氏34度。易中暑。偏東風 平均風速3-4級(每秒6公尺)。相對濕度59%。', '2020-08-30 16:44:10'),
(1690, 17, '2020-08-31 15:00:00', '2020-08-31 18:00:00', '晴。降雨機率 20%。溫度攝氏34度。悶熱。偏東風 平均風速3-4級(每秒7公尺)。相對濕度56%。', '2020-08-30 16:44:10'),
(1691, 17, '2020-08-31 18:00:00', '2020-08-31 21:00:00', '晴。降雨機率 10%。溫度攝氏30度。悶熱。東北風 平均風速2-3級(每秒5公尺)。相對濕度71%。', '2020-08-30 16:44:10'),
(1692, 17, '2020-08-31 21:00:00', '2020-09-01 00:00:00', '晴。降雨機率 10%。溫度攝氏29度。悶熱。偏西風 平均風速1-2級(每秒3公尺)。相對濕度79%。', '2020-08-30 16:44:10'),
(1693, 17, '2020-09-01 00:00:00', '2020-09-01 03:00:00', '多雲。降雨機率 10%。溫度攝氏28度。悶熱。偏西風 平均風速1-2級(每秒3公尺)。相對濕度85%。', '2020-08-30 16:44:10'),
(1694, 17, '2020-09-01 03:00:00', '2020-09-01 06:00:00', '晴。降雨機率 10%。溫度攝氏28度。悶熱。西南風 平均風速1-2級(每秒2公尺)。相對濕度91%。', '2020-08-30 16:44:10'),
(1695, 17, '2020-09-01 06:00:00', '2020-09-01 09:00:00', '晴。降雨機率 10%。溫度攝氏28度。悶熱。偏西風 平均風速1-2級(每秒2公尺)。相對濕度87%。', '2020-08-30 16:44:10'),
(1696, 17, '2020-09-01 09:00:00', '2020-09-01 12:00:00', '晴。降雨機率 10%。溫度攝氏31度。悶熱。西南風 平均風速1-2級(每秒3公尺)。相對濕度72%。', '2020-08-30 16:44:10'),
(1697, 17, '2020-09-01 12:00:00', '2020-09-01 15:00:00', '晴。降雨機率 20%。溫度攝氏34度。易中暑。偏南風 平均風速2-3級(每秒5公尺)。相對濕度60%。', '2020-08-30 16:44:10'),
(1698, 17, '2020-09-01 15:00:00', '2020-09-01 18:00:00', '晴。降雨機率 20%。溫度攝氏34度。易中暑。偏南風 平均風速3-4級(每秒6公尺)。相對濕度64%。', '2020-08-30 16:44:10'),
(1699, 17, '2020-09-01 18:00:00', '2020-09-01 21:00:00', '晴。降雨機率 10%。溫度攝氏31度。悶熱。西南風 平均風速2-3級(每秒5公尺)。相對濕度77%。', '2020-08-30 16:44:10'),
(1700, 17, '2020-09-01 21:00:00', '2020-09-02 00:00:00', '晴。降雨機率 10%。溫度攝氏30度。悶熱。西南風 平均風速2-3級(每秒4公尺)。相對濕度90%。', '2020-08-30 16:44:10'),
(1701, 17, '2020-09-02 00:00:00', '2020-09-02 03:00:00', '多雲。降雨機率 10%。溫度攝氏29度。悶熱。西南風 平均風速2-3級(每秒4公尺)。相對濕度93%。', '2020-08-30 16:44:10'),
(1702, 17, '2020-09-02 03:00:00', '2020-09-02 06:00:00', '多雲。降雨機率 10%。溫度攝氏29度。悶熱。偏西風 平均風速2-3級(每秒4公尺)。相對濕度91%。', '2020-08-30 16:44:10'),
(1703, 17, '2020-09-02 06:00:00', '2020-09-02 09:00:00', '多雲。溫度攝氏28度。悶熱。偏西風 平均風速2-3級(每秒4公尺)。相對濕度85%。', '2020-08-30 16:44:10'),
(1704, 17, '2020-09-02 09:00:00', '2020-09-02 12:00:00', '晴。溫度攝氏31度。悶熱。西南風 平均風速2-3級(每秒4公尺)。相對濕度78%。', '2020-08-30 16:44:10'),
(1705, 8, '2020-08-30 12:00:00', '2020-08-30 15:00:00', '晴。降雨機率 10%。溫度攝氏34度。易中暑。偏東風 平均風速1-2級(每秒2公尺)。相對濕度74%。', '2020-08-30 16:44:10'),
(1706, 8, '2020-08-30 15:00:00', '2020-08-30 18:00:00', '晴。降雨機率 10%。溫度攝氏33度。易中暑。東北風 平均風速<= 1級(每秒2公尺)。相對濕度77%。', '2020-08-30 16:44:10'),
(1707, 8, '2020-08-30 18:00:00', '2020-08-30 21:00:00', '短暫陣雨。降雨機率 40%。溫度攝氏30度。悶熱。偏西風 平均風速<= 1級(每秒1公尺)。相對濕度82%。', '2020-08-30 16:44:10'),
(1708, 8, '2020-08-30 21:00:00', '2020-08-31 00:00:00', '多雲。降雨機率 40%。溫度攝氏28度。悶熱。西北風 平均風速<= 1級(每秒1公尺)。相對濕度80%。', '2020-08-30 16:44:10'),
(1709, 8, '2020-08-31 00:00:00', '2020-08-31 03:00:00', '多雲。降雨機率 20%。溫度攝氏27度。悶熱。西北風 平均風速<= 1級(每秒2公尺)。相對濕度79%。', '2020-08-30 16:44:10'),
(1710, 8, '2020-08-31 03:00:00', '2020-08-31 06:00:00', '多雲。降雨機率 20%。溫度攝氏26度。舒適。西北風 平均風速<= 1級(每秒2公尺)。相對濕度80%。', '2020-08-30 16:44:10'),
(1711, 8, '2020-08-31 06:00:00', '2020-08-31 09:00:00', '多雲。降雨機率 50%。溫度攝氏26度。舒適。偏南風 平均風速<= 1級(每秒2公尺)。相對濕度81%。', '2020-08-30 16:44:10'),
(1712, 8, '2020-08-31 09:00:00', '2020-08-31 12:00:00', '短暫陣雨。降雨機率 50%。溫度攝氏31度。悶熱。偏東風 平均風速<= 1級(每秒2公尺)。相對濕度74%。', '2020-08-30 16:44:10'),
(1713, 8, '2020-08-31 12:00:00', '2020-08-31 15:00:00', '多雲。降雨機率 20%。溫度攝氏34度。易中暑。偏東風 平均風速<= 1級(每秒2公尺)。相對濕度66%。', '2020-08-30 16:44:10'),
(1714, 8, '2020-08-31 15:00:00', '2020-08-31 18:00:00', '多雲。降雨機率 20%。溫度攝氏33度。悶熱。東北風 平均風速<= 1級(每秒2公尺)。相對濕度66%。', '2020-08-30 16:44:10'),
(1715, 8, '2020-08-31 18:00:00', '2020-08-31 21:00:00', '短暫陣雨。降雨機率 30%。溫度攝氏30度。悶熱。偏西風 平均風速<= 1級(每秒2公尺)。相對濕度69%。', '2020-08-30 16:44:10'),
(1716, 8, '2020-08-31 21:00:00', '2020-09-01 00:00:00', '多雲。降雨機率 30%。溫度攝氏29度。悶熱。西南風 平均風速<= 1級(每秒1公尺)。相對濕度64%。', '2020-08-30 16:44:10'),
(1717, 8, '2020-09-01 00:00:00', '2020-09-01 03:00:00', '多雲。降雨機率 20%。溫度攝氏28度。舒適。西南風 平均風速<= 1級(每秒1公尺)。相對濕度63%。', '2020-08-30 16:44:10'),
(1718, 8, '2020-09-01 03:00:00', '2020-09-01 06:00:00', '多雲。降雨機率 20%。溫度攝氏27度。舒適。西南風 平均風速<= 1級(每秒1公尺)。相對濕度67%。', '2020-08-30 16:44:10'),
(1719, 8, '2020-09-01 06:00:00', '2020-09-01 09:00:00', '短暫陣雨。降雨機率 30%。溫度攝氏26度。舒適。西南風 平均風速<= 1級(每秒1公尺)。相對濕度73%。', '2020-08-30 16:44:10'),
(1720, 8, '2020-09-01 09:00:00', '2020-09-01 12:00:00', '短暫陣雨。降雨機率 30%。溫度攝氏31度。易中暑。東南風 平均風速<= 1級(每秒2公尺)。相對濕度74%。', '2020-08-30 16:44:10'),
(1721, 8, '2020-09-01 12:00:00', '2020-09-01 15:00:00', '短暫陣雨。降雨機率 30%。溫度攝氏34度。易中暑。東南風 平均風速1-2級(每秒2公尺)。相對濕度67%。', '2020-08-30 16:44:10'),
(1722, 8, '2020-09-01 15:00:00', '2020-09-01 18:00:00', '多雲。降雨機率 30%。溫度攝氏33度。易中暑。偏東風 平均風速<= 1級(每秒2公尺)。相對濕度69%。', '2020-08-30 16:44:10'),
(1723, 8, '2020-09-01 18:00:00', '2020-09-01 21:00:00', '多雲。降雨機率 10%。溫度攝氏31度。悶熱。西北風 平均風速<= 1級(每秒2公尺)。相對濕度64%。', '2020-08-30 16:44:10'),
(1724, 8, '2020-09-01 21:00:00', '2020-09-02 00:00:00', '晴。降雨機率 10%。溫度攝氏29度。舒適。偏西風 平均風速<= 1級(每秒1公尺)。相對濕度48%。', '2020-08-30 16:44:10'),
(1725, 8, '2020-09-02 00:00:00', '2020-09-02 03:00:00', '多雲。降雨機率 10%。溫度攝氏28度。舒適。偏西風 平均風速<= 1級(每秒1公尺)。相對濕度55%。', '2020-08-30 16:44:10'),
(1726, 8, '2020-09-02 03:00:00', '2020-09-02 06:00:00', '多雲。降雨機率 10%。溫度攝氏27度。舒適。西北風 平均風速<= 1級(每秒1公尺)。相對濕度64%。', '2020-08-30 16:44:10'),
(1727, 8, '2020-09-02 06:00:00', '2020-09-02 09:00:00', '多雲。溫度攝氏27度。舒適。偏北風 平均風速<= 1級(每秒2公尺)。相對濕度67%。', '2020-08-30 16:44:10'),
(1728, 8, '2020-09-02 09:00:00', '2020-09-02 12:00:00', '多雲。溫度攝氏32度。悶熱。東北風 平均風速<= 1級(每秒2公尺)。相對濕度66%。', '2020-08-30 16:44:10'),
(1729, 18, '2020-08-30 12:00:00', '2020-08-30 15:00:00', '午後短暫雷陣雨。降雨機率 90%。溫度攝氏33度。易中暑。偏南風 平均風速<= 1級(每秒1公尺)。相對濕度84%。', '2020-08-30 16:44:10'),
(1730, 18, '2020-08-30 15:00:00', '2020-08-30 18:00:00', '多雲。降雨機率 90%。溫度攝氏32度。易中暑。偏東風 平均風速1-2級(每秒3公尺)。相對濕度90%。', '2020-08-30 16:44:10'),
(1731, 18, '2020-08-30 18:00:00', '2020-08-30 21:00:00', '晴。降雨機率 20%。溫度攝氏29度。悶熱。西南風 平均風速<= 1級(每秒1公尺)。相對濕度100%。', '2020-08-30 16:44:10'),
(1732, 18, '2020-08-30 21:00:00', '2020-08-31 00:00:00', '晴。降雨機率 20%。溫度攝氏27度。悶熱。偏西風 平均風速<= 1級(每秒1公尺)。相對濕度99%。', '2020-08-30 16:44:10'),
(1733, 18, '2020-08-31 00:00:00', '2020-08-31 03:00:00', '晴。降雨機率 20%。溫度攝氏26度。悶熱。偏東風 平均風速<= 1級(每秒1公尺)。相對濕度98%。', '2020-08-30 16:44:10'),
(1734, 18, '2020-08-31 03:00:00', '2020-08-31 06:00:00', '多雲。降雨機率 20%。溫度攝氏25度。舒適。東北風 平均風速<= 1級(每秒1公尺)。相對濕度99%。', '2020-08-30 16:44:10'),
(1735, 18, '2020-08-31 06:00:00', '2020-08-31 09:00:00', '晴。降雨機率 20%。溫度攝氏25度。舒適。偏南風 平均風速<= 1級(每秒1公尺)。相對濕度99%。', '2020-08-30 16:44:10'),
(1736, 18, '2020-08-31 09:00:00', '2020-08-31 12:00:00', '晴。降雨機率 20%。溫度攝氏29度。悶熱。偏南風 平均風速1-2級(每秒2公尺)。相對濕度97%。', '2020-08-30 16:44:10'),
(1737, 18, '2020-08-31 12:00:00', '2020-08-31 15:00:00', '午後短暫雷陣雨。降雨機率 60%。溫度攝氏32度。易中暑。偏南風 平均風速<= 1級(每秒2公尺)。相對濕度94%。', '2020-08-30 16:44:10'),
(1738, 18, '2020-08-31 15:00:00', '2020-08-31 18:00:00', '多雲。降雨機率 60%。溫度攝氏32度。易中暑。偏北風 平均風速<= 1級(每秒2公尺)。相對濕度93%。', '2020-08-30 16:44:10'),
(1739, 18, '2020-08-31 18:00:00', '2020-08-31 21:00:00', '多雲。降雨機率 30%。溫度攝氏29度。悶熱。偏北風 平均風速<= 1級(每秒1公尺)。相對濕度100%。', '2020-08-30 16:44:10'),
(1740, 18, '2020-08-31 21:00:00', '2020-09-01 00:00:00', '短暫陣雨。降雨機率 30%。溫度攝氏27度。悶熱。西南風 平均風速<= 1級(每秒0公尺)。相對濕度99%。', '2020-08-30 16:44:10'),
(1741, 18, '2020-09-01 00:00:00', '2020-09-01 03:00:00', '多雲。降雨機率 10%。溫度攝氏26度。悶熱。西南風 平均風速<= 1級(每秒0公尺)。相對濕度99%。', '2020-08-30 16:44:10'),
(1742, 18, '2020-09-01 03:00:00', '2020-09-01 06:00:00', '多雲。降雨機率 10%。溫度攝氏25度。舒適。西南風 平均風速<= 1級(每秒0公尺)。相對濕度99%。', '2020-08-30 16:44:10'),
(1743, 18, '2020-09-01 06:00:00', '2020-09-01 09:00:00', '多雲。降雨機率 30%。溫度攝氏25度。舒適。西南風 平均風速<= 1級(每秒1公尺)。相對濕度99%。', '2020-08-30 16:44:10'),
(1744, 18, '2020-09-01 09:00:00', '2020-09-01 12:00:00', '短暫陣雨。降雨機率 30%。溫度攝氏29度。悶熱。西北風 平均風速1-2級(每秒2公尺)。相對濕度87%。', '2020-08-30 16:44:10'),
(1745, 18, '2020-09-01 12:00:00', '2020-09-01 15:00:00', '午後短暫雷陣雨。降雨機率 50%。溫度攝氏33度。易中暑。西北風 平均風速<= 1級(每秒2公尺)。相對濕度75%。', '2020-08-30 16:44:10'),
(1746, 18, '2020-09-01 15:00:00', '2020-09-01 18:00:00', '午後短暫雷陣雨。降雨機率 50%。溫度攝氏32度。易中暑。西北風 平均風速1-2級(每秒2公尺)。相對濕度92%。', '2020-08-30 16:44:10'),
(1747, 18, '2020-09-01 18:00:00', '2020-09-01 21:00:00', '短暫陣雨。降雨機率 30%。溫度攝氏29度。悶熱。西北風 平均風速<= 1級(每秒1公尺)。相對濕度98%。', '2020-08-30 16:44:10'),
(1748, 18, '2020-09-01 21:00:00', '2020-09-02 00:00:00', '短暫陣雨。降雨機率 30%。溫度攝氏27度。悶熱。西北風 平均風速<= 1級(每秒2公尺)。相對濕度99%。', '2020-08-30 16:44:10'),
(1749, 18, '2020-09-02 00:00:00', '2020-09-02 03:00:00', '短暫陣雨。降雨機率 50%。溫度攝氏26度。悶熱。偏南風 平均風速<= 1級(每秒1公尺)。相對濕度99%。', '2020-08-30 16:44:10'),
(1750, 18, '2020-09-02 03:00:00', '2020-09-02 06:00:00', '短暫陣雨。降雨機率 50%。溫度攝氏26度。舒適。西南風 平均風速<= 1級(每秒1公尺)。相對濕度99%。', '2020-08-30 16:44:10'),
(1751, 18, '2020-09-02 06:00:00', '2020-09-02 09:00:00', '短暫陣雨。溫度攝氏25度。舒適。偏西風 平均風速<= 1級(每秒1公尺)。相對濕度100%。', '2020-08-30 16:44:10'),
(1752, 18, '2020-09-02 09:00:00', '2020-09-02 12:00:00', '短暫陣雨。溫度攝氏28度。悶熱。偏西風 平均風速<= 1級(每秒2公尺)。相對濕度98%。', '2020-08-30 16:44:10'),
(1753, 9, '2020-08-30 12:00:00', '2020-08-30 15:00:00', '短暫陣雨。降雨機率 30%。溫度攝氏33度。易中暑。偏西風 平均風速1-2級(每秒3公尺)。相對濕度69%。', '2020-08-30 16:44:10'),
(1754, 9, '2020-08-30 15:00:00', '2020-08-30 18:00:00', '多雲。降雨機率 30%。溫度攝氏33度。易中暑。西北風 平均風速1-2級(每秒3公尺)。相對濕度77%。', '2020-08-30 16:44:10'),
(1755, 9, '2020-08-30 18:00:00', '2020-08-30 21:00:00', '晴。降雨機率 10%。溫度攝氏30度。悶熱。偏南風 平均風速<= 1級(每秒2公尺)。相對濕度67%。', '2020-08-30 16:44:10'),
(1756, 9, '2020-08-30 21:00:00', '2020-08-31 00:00:00', '晴。降雨機率 10%。溫度攝氏28度。悶熱。偏南風 平均風速1-2級(每秒2公尺)。相對濕度79%。', '2020-08-30 16:44:10'),
(1757, 9, '2020-08-31 00:00:00', '2020-08-31 03:00:00', '晴。降雨機率 10%。溫度攝氏27度。悶熱。偏南風 平均風速<= 1級(每秒1公尺)。相對濕度83%。', '2020-08-30 16:44:10'),
(1758, 9, '2020-08-31 03:00:00', '2020-08-31 06:00:00', '多雲。降雨機率 10%。溫度攝氏26度。舒適。東南風 平均風速<= 1級(每秒2公尺)。相對濕度84%。', '2020-08-30 16:44:10'),
(1759, 9, '2020-08-31 06:00:00', '2020-08-31 09:00:00', '晴。降雨機率 20%。溫度攝氏26度。舒適。偏西風 平均風速<= 1級(每秒2公尺)。相對濕度86%。', '2020-08-30 16:44:10'),
(1760, 9, '2020-08-31 09:00:00', '2020-08-31 12:00:00', '多雲。降雨機率 20%。溫度攝氏30度。悶熱。偏西風 平均風速2-3級(每秒5公尺)。相對濕度73%。', '2020-08-30 16:44:10'),
(1761, 9, '2020-08-31 12:00:00', '2020-08-31 15:00:00', '多雲。降雨機率 20%。溫度攝氏33度。悶熱。偏北風 平均風速2-3級(每秒5公尺)。相對濕度65%。', '2020-08-30 16:44:10'),
(1762, 9, '2020-08-31 15:00:00', '2020-08-31 18:00:00', '多雲。降雨機率 20%。溫度攝氏32度。悶熱。偏北風 平均風速3-4級(每秒6公尺)。相對濕度67%。', '2020-08-30 16:44:10'),
(1763, 9, '2020-08-31 18:00:00', '2020-08-31 21:00:00', '短暫陣雨。降雨機率 30%。溫度攝氏30度。悶熱。東北風 平均風速1-2級(每秒3公尺)。相對濕度71%。', '2020-08-30 16:44:10'),
(1764, 9, '2020-08-31 21:00:00', '2020-09-01 00:00:00', '多雲。降雨機率 30%。溫度攝氏28度。悶熱。偏南風 平均風速<= 1級(每秒2公尺)。相對濕度79%。', '2020-08-30 16:44:10'),
(1765, 9, '2020-09-01 00:00:00', '2020-09-01 03:00:00', '多雲。降雨機率 40%。溫度攝氏26度。悶熱。偏南風 平均風速<= 1級(每秒1公尺)。相對濕度85%。', '2020-08-30 16:44:10'),
(1766, 9, '2020-09-01 03:00:00', '2020-09-01 06:00:00', '短暫陣雨。降雨機率 40%。溫度攝氏26度。舒適。偏南風 平均風速<= 1級(每秒0公尺)。相對濕度91%。', '2020-08-30 16:44:10'),
(1767, 9, '2020-09-01 06:00:00', '2020-09-01 09:00:00', '多雲。降雨機率 20%。溫度攝氏25度。舒適。偏南風 平均風速<= 1級(每秒2公尺)。相對濕度92%。', '2020-08-30 16:44:10'),
(1768, 9, '2020-09-01 09:00:00', '2020-09-01 12:00:00', '多雲。降雨機率 20%。溫度攝氏29度。悶熱。偏北風 平均風速2-3級(每秒4公尺)。相對濕度80%。', '2020-08-30 16:44:10'),
(1769, 9, '2020-09-01 12:00:00', '2020-09-01 15:00:00', '晴。降雨機率 10%。溫度攝氏33度。悶熱。東北風 平均風速1-2級(每秒3公尺)。相對濕度62%。', '2020-08-30 16:44:10'),
(1770, 9, '2020-09-01 15:00:00', '2020-09-01 18:00:00', '多雲。降雨機率 10%。溫度攝氏33度。悶熱。東北風 平均風速1-2級(每秒3公尺)。相對濕度64%。', '2020-08-30 16:44:10'),
(1771, 9, '2020-09-01 18:00:00', '2020-09-01 21:00:00', '多雲。降雨機率 10%。溫度攝氏31度。悶熱。偏東風 平均風速1-2級(每秒2公尺)。相對濕度69%。', '2020-08-30 16:44:10'),
(1772, 9, '2020-09-01 21:00:00', '2020-09-02 00:00:00', '多雲。降雨機率 10%。溫度攝氏29度。悶熱。偏南風 平均風速1-2級(每秒3公尺)。相對濕度79%。', '2020-08-30 16:44:10'),
(1773, 9, '2020-09-02 00:00:00', '2020-09-02 03:00:00', '多雲。降雨機率 10%。溫度攝氏28度。悶熱。偏南風 平均風速1-2級(每秒3公尺)。相對濕度83%。', '2020-08-30 16:44:10'),
(1774, 9, '2020-09-02 03:00:00', '2020-09-02 06:00:00', '多雲。降雨機率 10%。溫度攝氏28度。悶熱。偏南風 平均風速1-2級(每秒3公尺)。相對濕度79%。', '2020-08-30 16:44:10'),
(1775, 9, '2020-09-02 06:00:00', '2020-09-02 09:00:00', '多雲。溫度攝氏27度。舒適。西南風 平均風速1-2級(每秒3公尺)。相對濕度70%。', '2020-08-30 16:44:10'),
(1776, 9, '2020-09-02 09:00:00', '2020-09-02 12:00:00', '多雲。溫度攝氏30度。悶熱。西南風 平均風速1-2級(每秒3公尺)。相對濕度64%。', '2020-08-30 16:44:10'),
(1777, 20, '2020-08-30 12:00:00', '2020-08-30 15:00:00', '晴。降雨機率 10%。溫度攝氏32度。易中暑。西北風 平均風速1-2級(每秒3公尺)。相對濕度79%。', '2020-08-30 16:44:10'),
(1778, 20, '2020-08-30 15:00:00', '2020-08-30 18:00:00', '晴。降雨機率 10%。溫度攝氏32度。易中暑。東北風 平均風速2-3級(每秒4公尺)。相對濕度79%。', '2020-08-30 16:44:10'),
(1779, 20, '2020-08-30 18:00:00', '2020-08-30 21:00:00', '多雲。降雨機率 10%。溫度攝氏29度。悶熱。東北風 平均風速2-3級(每秒5公尺)。相對濕度82%。', '2020-08-30 16:44:10'),
(1780, 20, '2020-08-30 21:00:00', '2020-08-31 00:00:00', '晴。降雨機率 10%。溫度攝氏28度。悶熱。西南風 平均風速2-3級(每秒5公尺)。相對濕度97%。', '2020-08-30 16:44:10'),
(1781, 20, '2020-08-31 00:00:00', '2020-08-31 03:00:00', '多雲。降雨機率 30%。溫度攝氏28度。悶熱。偏北風 平均風速3-4級(每秒7公尺)。相對濕度95%。', '2020-08-30 16:44:10'),
(1782, 20, '2020-08-31 03:00:00', '2020-08-31 06:00:00', '短暫陣雨。降雨機率 30%。溫度攝氏27度。悶熱。偏北風 平均風速3-4級(每秒7公尺)。相對濕度97%。', '2020-08-30 16:44:10'),
(1783, 20, '2020-08-31 06:00:00', '2020-08-31 09:00:00', '晴。降雨機率 20%。溫度攝氏27度。悶熱。東北風 平均風速3-4級(每秒6公尺)。相對濕度96%。', '2020-08-30 16:44:10'),
(1784, 20, '2020-08-31 09:00:00', '2020-08-31 12:00:00', '晴。降雨機率 20%。溫度攝氏30度。悶熱。東北風 平均風速3-4級(每秒6公尺)。相對濕度86%。', '2020-08-30 16:44:10'),
(1785, 20, '2020-08-31 12:00:00', '2020-08-31 15:00:00', '晴。降雨機率 10%。溫度攝氏32度。悶熱。東北風 平均風速3-4級(每秒8公尺)。相對濕度77%。', '2020-08-30 16:44:10'),
(1786, 20, '2020-08-31 15:00:00', '2020-08-31 18:00:00', '多雲。降雨機率 10%。溫度攝氏31度。悶熱。偏北風 平均風速3-4級(每秒8公尺)。相對濕度79%。', '2020-08-30 16:44:10'),
(1787, 20, '2020-08-31 18:00:00', '2020-08-31 21:00:00', '多雲。降雨機率 10%。溫度攝氏29度。悶熱。偏北風 平均風速3-4級(每秒8公尺)。相對濕度80%。', '2020-08-30 16:44:10'),
(1788, 20, '2020-08-31 21:00:00', '2020-09-01 00:00:00', '多雲。降雨機率 10%。溫度攝氏28度。悶熱。偏東風 平均風速3-4級(每秒7公尺)。相對濕度94%。', '2020-08-30 16:44:10'),
(1789, 20, '2020-09-01 00:00:00', '2020-09-01 03:00:00', '多雲。降雨機率 30%。溫度攝氏28度。悶熱。偏東風 平均風速3-4級(每秒6公尺)。相對濕度97%。', '2020-08-30 16:44:10'),
(1790, 20, '2020-09-01 03:00:00', '2020-09-01 06:00:00', '短暫陣雨。降雨機率 30%。溫度攝氏27度。悶熱。偏東風 平均風速3-4級(每秒6公尺)。相對濕度97%。', '2020-08-30 16:44:10'),
(1791, 20, '2020-09-01 06:00:00', '2020-09-01 09:00:00', '多雲。降雨機率 10%。溫度攝氏27度。悶熱。偏西風 平均風速3-4級(每秒6公尺)。相對濕度95%。', '2020-08-30 16:44:10'),
(1792, 20, '2020-09-01 09:00:00', '2020-09-01 12:00:00', '晴。降雨機率 10%。溫度攝氏30度。悶熱。偏南風 平均風速3-4級(每秒6公尺)。相對濕度84%。', '2020-08-30 16:44:10'),
(1793, 20, '2020-09-01 12:00:00', '2020-09-01 15:00:00', '晴。降雨機率 10%。溫度攝氏32度。悶熱。偏西風 平均風速2-3級(每秒5公尺)。相對濕度78%。', '2020-08-30 16:44:10'),
(1794, 20, '2020-09-01 15:00:00', '2020-09-01 18:00:00', '晴。降雨機率 10%。溫度攝氏31度。易中暑。偏西風 平均風速2-3級(每秒4公尺)。相對濕度86%。', '2020-08-30 16:44:10'),
(1795, 20, '2020-09-01 18:00:00', '2020-09-01 21:00:00', '晴。降雨機率 10%。溫度攝氏29度。悶熱。偏西風 平均風速2-3級(每秒5公尺)。相對濕度90%。', '2020-08-30 16:44:10'),
(1796, 20, '2020-09-01 21:00:00', '2020-09-02 00:00:00', '多雲。降雨機率 10%。溫度攝氏28度。悶熱。偏西風 平均風速2-3級(每秒4公尺)。相對濕度97%。', '2020-08-30 16:44:10'),
(1797, 20, '2020-09-02 00:00:00', '2020-09-02 03:00:00', '短暫陣雨。降雨機率 40%。溫度攝氏28度。悶熱。西南風 平均風速2-3級(每秒4公尺)。相對濕度99%。', '2020-08-30 16:44:10'),
(1798, 20, '2020-09-02 03:00:00', '2020-09-02 06:00:00', '短暫陣雨。降雨機率 40%。溫度攝氏28度。悶熱。西南風 平均風速2-3級(每秒5公尺)。相對濕度96%。', '2020-08-30 16:44:10'),
(1799, 20, '2020-09-02 06:00:00', '2020-09-02 09:00:00', '短暫陣雨。溫度攝氏27度。悶熱。西南風 平均風速2-3級(每秒5公尺)。相對濕度89%。', '2020-08-30 16:44:10'),
(1800, 20, '2020-09-02 09:00:00', '2020-09-02 12:00:00', '短暫陣雨。溫度攝氏30度。悶熱。西南風 平均風速2-3級(每秒4公尺)。相對濕度82%。', '2020-08-30 16:44:10'),
(1801, 6, '2020-08-30 12:00:00', '2020-08-30 15:00:00', '晴。降雨機率 10%。溫度攝氏34度。易中暑。偏東風 平均風速<= 1級(每秒2公尺)。相對濕度67%。', '2020-08-30 16:44:10'),
(1802, 6, '2020-08-30 15:00:00', '2020-08-30 18:00:00', '晴。降雨機率 10%。溫度攝氏32度。悶熱。偏東風 平均風速1-2級(每秒3公尺)。相對濕度70%。', '2020-08-30 16:44:10'),
(1803, 6, '2020-08-30 18:00:00', '2020-08-30 21:00:00', '多雲。降雨機率 20%。溫度攝氏30度。悶熱。偏東風 平均風速1-2級(每秒2公尺)。相對濕度80%。', '2020-08-30 16:44:10'),
(1804, 6, '2020-08-30 21:00:00', '2020-08-31 00:00:00', '多雲。降雨機率 20%。溫度攝氏29度。悶熱。偏東風 平均風速1-2級(每秒3公尺)。相對濕度86%。', '2020-08-30 16:44:10'),
(1805, 6, '2020-08-31 00:00:00', '2020-08-31 03:00:00', '短暫陣雨。降雨機率 30%。溫度攝氏28度。悶熱。偏東風 平均風速2-3級(每秒4公尺)。相對濕度86%。', '2020-08-30 16:44:10'),
(1806, 6, '2020-08-31 03:00:00', '2020-08-31 06:00:00', '多雲。降雨機率 30%。溫度攝氏27度。悶熱。偏東風 平均風速1-2級(每秒3公尺)。相對濕度92%。', '2020-08-30 16:44:10'),
(1807, 6, '2020-08-31 06:00:00', '2020-08-31 09:00:00', '短暫陣雨。降雨機率 60%。溫度攝氏26度。悶熱。偏東風 平均風速1-2級(每秒3公尺)。相對濕度89%。', '2020-08-30 16:44:10'),
(1808, 6, '2020-08-31 09:00:00', '2020-08-31 12:00:00', '多雲。降雨機率 60%。溫度攝氏30度。悶熱。偏東風 平均風速1-2級(每秒3公尺)。相對濕度69%。', '2020-08-30 16:44:10'),
(1809, 6, '2020-08-31 12:00:00', '2020-08-31 15:00:00', '短暫陣雨。降雨機率 40%。溫度攝氏33度。悶熱。東北風 平均風速1-2級(每秒2公尺)。相對濕度63%。', '2020-08-30 16:44:10'),
(1810, 6, '2020-08-31 15:00:00', '2020-08-31 18:00:00', '短暫陣雨。降雨機率 40%。溫度攝氏32度。悶熱。偏東風 平均風速<= 1級(每秒2公尺)。相對濕度75%。', '2020-08-30 16:44:10'),
(1811, 6, '2020-08-31 18:00:00', '2020-08-31 21:00:00', '短暫陣雨。降雨機率 60%。溫度攝氏30度。悶熱。東北風 平均風速<= 1級(每秒1公尺)。相對濕度87%。', '2020-08-30 16:44:10'),
(1812, 6, '2020-08-31 21:00:00', '2020-09-01 00:00:00', '短暫陣雨。降雨機率 60%。溫度攝氏28度。悶熱。西南風 平均風速<= 1級(每秒0公尺)。相對濕度87%。', '2020-08-30 16:44:10'),
(1813, 6, '2020-09-01 00:00:00', '2020-09-01 03:00:00', '短暫陣雨。降雨機率 60%。溫度攝氏28度。悶熱。西南風 平均風速<= 1級(每秒2公尺)。相對濕度86%。', '2020-08-30 16:44:10'),
(1814, 6, '2020-09-01 03:00:00', '2020-09-01 06:00:00', '短暫陣雨。降雨機率 60%。溫度攝氏27度。悶熱。西南風 平均風速<= 1級(每秒1公尺)。相對濕度87%。', '2020-08-30 16:44:10'),
(1815, 6, '2020-09-01 06:00:00', '2020-09-01 09:00:00', '短暫陣雨。降雨機率 30%。溫度攝氏26度。舒適。西南風 平均風速<= 1級(每秒2公尺)。相對濕度86%。', '2020-08-30 16:44:10'),
(1816, 6, '2020-09-01 09:00:00', '2020-09-01 12:00:00', '短暫陣雨。降雨機率 30%。溫度攝氏30度。悶熱。西北風 平均風速1-2級(每秒3公尺)。相對濕度87%。', '2020-08-30 16:44:10'),
(1817, 6, '2020-09-01 12:00:00', '2020-09-01 15:00:00', '短暫陣雨。降雨機率 30%。溫度攝氏33度。易中暑。西北風 平均風速1-2級(每秒2公尺)。相對濕度86%。', '2020-08-30 16:44:10'),
(1818, 6, '2020-09-01 15:00:00', '2020-09-01 18:00:00', '多雲。降雨機率 30%。溫度攝氏32度。易中暑。西北風 平均風速1-2級(每秒2公尺)。相對濕度86%。', '2020-08-30 16:44:10'),
(1819, 6, '2020-09-01 18:00:00', '2020-09-01 21:00:00', '晴。降雨機率 10%。溫度攝氏30度。悶熱。偏東風 平均風速<= 1級(每秒1公尺)。相對濕度76%。', '2020-08-30 16:44:10'),
(1820, 6, '2020-09-01 21:00:00', '2020-09-02 00:00:00', '晴。降雨機率 10%。溫度攝氏29度。悶熱。東南風 平均風速<= 1級(每秒2公尺)。相對濕度68%。', '2020-08-30 16:44:10'),
(1821, 6, '2020-09-02 00:00:00', '2020-09-02 03:00:00', '多雲。降雨機率 10%。溫度攝氏29度。悶熱。偏西風 平均風速<= 1級(每秒2公尺)。相對濕度75%。', '2020-08-30 16:44:10'),
(1822, 6, '2020-09-02 03:00:00', '2020-09-02 06:00:00', '多雲。降雨機率 10%。溫度攝氏28度。悶熱。偏西風 平均風速<= 1級(每秒2公尺)。相對濕度78%。', '2020-08-30 16:44:10'),
(1823, 6, '2020-09-02 06:00:00', '2020-09-02 09:00:00', '多雲。溫度攝氏28度。舒適。偏西風 平均風速1-2級(每秒2公尺)。相對濕度71%。', '2020-08-30 16:44:10'),
(1824, 6, '2020-09-02 09:00:00', '2020-09-02 12:00:00', '多雲。溫度攝氏31度。悶熱。偏西風 平均風速1-2級(每秒3公尺)。相對濕度63%。', '2020-08-30 16:44:10'),
(1825, 4, '2020-08-30 12:00:00', '2020-08-30 15:00:00', '短暫陣雨。降雨機率 30%。溫度攝氏34度。悶熱。偏東風 平均風速1-2級(每秒3公尺)。相對濕度55%。', '2020-08-30 16:44:10'),
(1826, 4, '2020-08-30 15:00:00', '2020-08-30 18:00:00', '晴。降雨機率 30%。溫度攝氏34度。悶熱。偏東風 平均風速2-3級(每秒4公尺)。相對濕度56%。', '2020-08-30 16:44:10'),
(1827, 4, '2020-08-30 18:00:00', '2020-08-30 21:00:00', '晴。降雨機率 10%。溫度攝氏31度。悶熱。東北風 平均風速2-3級(每秒5公尺)。相對濕度65%。', '2020-08-30 16:44:10'),
(1828, 4, '2020-08-30 21:00:00', '2020-08-31 00:00:00', '晴。降雨機率 10%。溫度攝氏29度。悶熱。東北風 平均風速2-3級(每秒4公尺)。相對濕度79%。', '2020-08-30 16:44:10'),
(1829, 4, '2020-08-31 00:00:00', '2020-08-31 03:00:00', '晴。降雨機率 20%。溫度攝氏28度。悶熱。東北風 平均風速1-2級(每秒3公尺)。相對濕度80%。', '2020-08-30 16:44:10'),
(1830, 4, '2020-08-31 03:00:00', '2020-08-31 06:00:00', '多雲。降雨機率 20%。溫度攝氏27度。悶熱。偏東風 平均風速1-2級(每秒3公尺)。相對濕度84%。', '2020-08-30 16:44:10'),
(1831, 4, '2020-08-31 06:00:00', '2020-08-31 09:00:00', '多雲。降雨機率 20%。溫度攝氏26度。舒適。偏東風 平均風速1-2級(每秒3公尺)。相對濕度83%。', '2020-08-30 16:44:10'),
(1832, 4, '2020-08-31 09:00:00', '2020-08-31 12:00:00', '多雲。降雨機率 20%。溫度攝氏31度。悶熱。東北風 平均風速3-4級(每秒6公尺)。相對濕度64%。', '2020-08-30 16:44:10'),
(1833, 4, '2020-08-31 12:00:00', '2020-08-31 15:00:00', '多雲。降雨機率 20%。溫度攝氏34度。易中暑。東北風 平均風速2-3級(每秒5公尺)。相對濕度61%。', '2020-08-30 16:44:10'),
(1834, 4, '2020-08-31 15:00:00', '2020-08-31 18:00:00', '多雲。降雨機率 20%。溫度攝氏33度。易中暑。東北風 平均風速3-4級(每秒6公尺)。相對濕度76%。', '2020-08-30 16:44:10'),
(1835, 4, '2020-08-31 18:00:00', '2020-08-31 21:00:00', '短暫陣雨。降雨機率 30%。溫度攝氏30度。悶熱。東北風 平均風速2-3級(每秒4公尺)。相對濕度80%。', '2020-08-30 16:44:10'),
(1836, 4, '2020-08-31 21:00:00', '2020-09-01 00:00:00', '短暫陣雨。降雨機率 30%。溫度攝氏28度。悶熱。偏南風 平均風速<= 1級(每秒1公尺)。相對濕度85%。', '2020-08-30 16:44:10'),
(1837, 4, '2020-09-01 00:00:00', '2020-09-01 03:00:00', '短暫陣雨。降雨機率 50%。溫度攝氏27度。悶熱。偏南風 平均風速<= 1級(每秒0公尺)。相對濕度90%。', '2020-08-30 16:44:10'),
(1838, 4, '2020-09-01 03:00:00', '2020-09-01 06:00:00', '短暫陣雨。降雨機率 50%。溫度攝氏26度。悶熱。西南風 平均風速<= 1級(每秒1公尺)。相對濕度91%。', '2020-08-30 16:44:10'),
(1839, 4, '2020-09-01 06:00:00', '2020-09-01 09:00:00', '短暫陣雨。降雨機率 30%。溫度攝氏26度。舒適。西南風 平均風速<= 1級(每秒2公尺)。相對濕度92%。', '2020-08-30 16:44:10'),
(1840, 4, '2020-09-01 09:00:00', '2020-09-01 12:00:00', '多雲。降雨機率 30%。溫度攝氏31度。悶熱。西北風 平均風速1-2級(每秒3公尺)。相對濕度80%。', '2020-08-30 16:44:10'),
(1841, 4, '2020-09-01 12:00:00', '2020-09-01 15:00:00', '多雲。降雨機率 10%。溫度攝氏34度。悶熱。東北風 平均風速1-2級(每秒2公尺)。相對濕度54%。', '2020-08-30 16:44:10'),
(1842, 4, '2020-09-01 15:00:00', '2020-09-01 18:00:00', '多雲。降雨機率 10%。溫度攝氏34度。悶熱。偏東風 平均風速1-2級(每秒3公尺)。相對濕度60%。', '2020-08-30 16:44:10'),
(1843, 4, '2020-09-01 18:00:00', '2020-09-01 21:00:00', '多雲。降雨機率 10%。溫度攝氏31度。悶熱。東南風 平均風速1-2級(每秒3公尺)。相對濕度72%。', '2020-08-30 16:44:10'),
(1844, 4, '2020-09-01 21:00:00', '2020-09-02 00:00:00', '多雲。降雨機率 10%。溫度攝氏30度。悶熱。東南風 平均風速<= 1級(每秒2公尺)。相對濕度81%。', '2020-08-30 16:44:10'),
(1845, 4, '2020-09-02 00:00:00', '2020-09-02 03:00:00', '多雲。降雨機率 10%。溫度攝氏29度。悶熱。西南風 平均風速1-2級(每秒3公尺)。相對濕度84%。', '2020-08-30 16:44:10'),
(1846, 4, '2020-09-02 03:00:00', '2020-09-02 06:00:00', '多雲。降雨機率 10%。溫度攝氏28度。悶熱。西南風 平均風速1-2級(每秒3公尺)。相對濕度78%。', '2020-08-30 16:44:10'),
(1847, 4, '2020-09-02 06:00:00', '2020-09-02 09:00:00', '多雲。溫度攝氏28度。舒適。西南風 平均風速2-3級(每秒4公尺)。相對濕度63%。', '2020-08-30 16:44:10'),
(1848, 4, '2020-09-02 09:00:00', '2020-09-02 12:00:00', '多雲。溫度攝氏32度。悶熱。西南風 平均風速2-3級(每秒4公尺)。相對濕度53%。', '2020-08-30 16:44:10'),
(1849, 11, '2020-08-30 12:00:00', '2020-08-30 15:00:00', '晴。降雨機率 20%。溫度攝氏33度。悶熱。東北風 平均風速1-2級(每秒3公尺)。相對濕度67%。', '2020-08-30 16:44:10'),
(1850, 11, '2020-08-30 15:00:00', '2020-08-30 18:00:00', '晴。降雨機率 20%。溫度攝氏32度。悶熱。東北風 平均風速1-2級(每秒3公尺)。相對濕度69%。', '2020-08-30 16:44:10'),
(1851, 11, '2020-08-30 18:00:00', '2020-08-30 21:00:00', '多雲。降雨機率 10%。溫度攝氏30度。悶熱。偏西風 平均風速2-3級(每秒4公尺)。相對濕度77%。', '2020-08-30 16:44:10'),
(1852, 11, '2020-08-30 21:00:00', '2020-08-31 00:00:00', '晴。降雨機率 10%。溫度攝氏29度。悶熱。西北風 平均風速1-2級(每秒3公尺)。相對濕度80%。', '2020-08-30 16:44:10'),
(1853, 11, '2020-08-31 00:00:00', '2020-08-31 03:00:00', '晴。降雨機率 10%。溫度攝氏28度。悶熱。西北風 平均風速1-2級(每秒3公尺)。相對濕度80%。', '2020-08-30 16:44:10'),
(1854, 11, '2020-08-31 03:00:00', '2020-08-31 06:00:00', '晴。降雨機率 10%。溫度攝氏26度。舒適。西北風 平均風速1-2級(每秒3公尺)。相對濕度81%。', '2020-08-30 16:44:10'),
(1855, 11, '2020-08-31 06:00:00', '2020-08-31 09:00:00', '晴。降雨機率 10%。溫度攝氏26度。舒適。西北風 平均風速1-2級(每秒3公尺)。相對濕度82%。', '2020-08-30 16:44:10'),
(1856, 11, '2020-08-31 09:00:00', '2020-08-31 12:00:00', '晴。降雨機率 10%。溫度攝氏31度。悶熱。偏東風 平均風速2-3級(每秒5公尺)。相對濕度74%。', '2020-08-30 16:44:10'),
(1857, 11, '2020-08-31 12:00:00', '2020-08-31 15:00:00', '多雲。降雨機率 20%。溫度攝氏33度。悶熱。偏東風 平均風速2-3級(每秒5公尺)。相對濕度66%。', '2020-08-30 16:44:10'),
(1858, 11, '2020-08-31 15:00:00', '2020-08-31 18:00:00', '多雲。降雨機率 20%。溫度攝氏32度。悶熱。偏東風 平均風速2-3級(每秒5公尺)。相對濕度69%。', '2020-08-30 16:44:10'),
(1859, 11, '2020-08-31 18:00:00', '2020-08-31 21:00:00', '多雲。降雨機率 10%。溫度攝氏30度。悶熱。偏西風 平均風速1-2級(每秒3公尺)。相對濕度78%。', '2020-08-30 16:44:10'),
(1860, 11, '2020-08-31 21:00:00', '2020-09-01 00:00:00', '多雲。降雨機率 10%。溫度攝氏29度。悶熱。偏西風 平均風速<= 1級(每秒2公尺)。相對濕度82%。', '2020-08-30 16:44:10'),
(1861, 11, '2020-09-01 00:00:00', '2020-09-01 03:00:00', '多雲。降雨機率 10%。溫度攝氏28度。悶熱。西北風 平均風速<= 1級(每秒2公尺)。相對濕度81%。', '2020-08-30 16:44:10'),
(1862, 11, '2020-09-01 03:00:00', '2020-09-01 06:00:00', '多雲。降雨機率 10%。溫度攝氏26度。舒適。西北風 平均風速1-2級(每秒2公尺)。相對濕度81%。', '2020-08-30 16:44:10'),
(1863, 11, '2020-09-01 06:00:00', '2020-09-01 09:00:00', '多雲。降雨機率 10%。溫度攝氏26度。舒適。西北風 平均風速<= 1級(每秒2公尺)。相對濕度77%。', '2020-08-30 16:44:10'),
(1864, 11, '2020-09-01 09:00:00', '2020-09-01 12:00:00', '多雲。降雨機率 10%。溫度攝氏31度。悶熱。偏東風 平均風速1-2級(每秒3公尺)。相對濕度64%。', '2020-08-30 16:44:10'),
(1865, 11, '2020-09-01 12:00:00', '2020-09-01 15:00:00', '午後短暫雷陣雨。降雨機率 40%。溫度攝氏33度。易中暑。偏南風 平均風速1-2級(每秒2公尺)。相對濕度62%。', '2020-08-30 16:44:10'),
(1866, 11, '2020-09-01 15:00:00', '2020-09-01 18:00:00', '午後短暫雷陣雨。降雨機率 40%。溫度攝氏32度。易中暑。偏南風 平均風速<= 1級(每秒1公尺)。相對濕度65%。', '2020-08-30 16:44:10'),
(1867, 11, '2020-09-01 18:00:00', '2020-09-01 21:00:00', '多雲。降雨機率 10%。溫度攝氏30度。悶熱。西南風 平均風速<= 1級(每秒2公尺)。相對濕度63%。', '2020-08-30 16:44:10'),
(1868, 11, '2020-09-01 21:00:00', '2020-09-02 00:00:00', '多雲。降雨機率 10%。溫度攝氏29度。悶熱。偏南風 平均風速<= 1級(每秒2公尺)。相對濕度80%。', '2020-08-30 16:44:10'),
(1869, 11, '2020-09-02 00:00:00', '2020-09-02 03:00:00', '多雲。降雨機率 10%。溫度攝氏28度。悶熱。西南風 平均風速<= 1級(每秒2公尺)。相對濕度84%。', '2020-08-30 16:44:10'),
(1870, 11, '2020-09-02 03:00:00', '2020-09-02 06:00:00', '多雲。降雨機率 10%。溫度攝氏27度。舒適。偏西風 平均風速<= 1級(每秒2公尺)。相對濕度79%。', '2020-08-30 16:44:10'),
(1871, 11, '2020-09-02 06:00:00', '2020-09-02 09:00:00', '多雲。溫度攝氏26度。舒適。偏西風 平均風速<= 1級(每秒1公尺)。相對濕度65%。', '2020-08-30 16:44:10'),
(1872, 11, '2020-09-02 09:00:00', '2020-09-02 12:00:00', '多雲。溫度攝氏31度。悶熱。偏北風 平均風速<= 1級(每秒1公尺)。相對濕度58%。', '2020-08-30 16:44:10'),
(1873, 16, '2020-08-30 12:00:00', '2020-08-30 15:00:00', '午後短暫雷陣雨。降雨機率 70%。溫度攝氏32度。易中暑。西北風 平均風速1-2級(每秒2公尺)。相對濕度75%。', '2020-08-30 16:44:10'),
(1874, 16, '2020-08-30 15:00:00', '2020-08-30 18:00:00', '多雲。降雨機率 70%。溫度攝氏32度。易中暑。偏南風 平均風速1-2級(每秒2公尺)。相對濕度84%。', '2020-08-30 16:44:10'),
(1875, 16, '2020-08-30 18:00:00', '2020-08-30 21:00:00', '晴。降雨機率 20%。溫度攝氏30度。悶熱。東南風 平均風速1-2級(每秒2公尺)。相對濕度93%。', '2020-08-30 16:44:10'),
(1876, 16, '2020-08-30 21:00:00', '2020-08-31 00:00:00', '多雲。降雨機率 20%。溫度攝氏28度。悶熱。偏西風 平均風速1-2級(每秒2公尺)。相對濕度90%。', '2020-08-30 16:44:10'),
(1877, 16, '2020-08-31 00:00:00', '2020-08-31 03:00:00', '多雲。降雨機率 20%。溫度攝氏28度。悶熱。西南風 平均風速<= 1級(每秒1公尺)。相對濕度90%。', '2020-08-30 16:44:10'),
(1878, 16, '2020-08-31 03:00:00', '2020-08-31 06:00:00', '多雲。降雨機率 20%。溫度攝氏27度。悶熱。偏西風 平均風速<= 1級(每秒1公尺)。相對濕度93%。', '2020-08-30 16:44:10'),
(1879, 16, '2020-08-31 06:00:00', '2020-08-31 09:00:00', '陰。降雨機率 20%。溫度攝氏27度。悶熱。偏南風 平均風速1-2級(每秒2公尺)。相對濕度91%。', '2020-08-30 16:44:10'),
(1880, 16, '2020-08-31 09:00:00', '2020-08-31 12:00:00', '晴。降雨機率 20%。溫度攝氏29度。悶熱。西南風 平均風速1-2級(每秒3公尺)。相對濕度90%。', '2020-08-30 16:44:10'),
(1881, 16, '2020-08-31 12:00:00', '2020-08-31 15:00:00', '午後短暫雷陣雨。降雨機率 50%。溫度攝氏32度。易中暑。偏南風 平均風速1-2級(每秒2公尺)。相對濕度82%。', '2020-08-30 16:44:10'),
(1882, 16, '2020-08-31 15:00:00', '2020-08-31 18:00:00', '午後短暫雷陣雨。降雨機率 50%。溫度攝氏32度。易中暑。東北風 平均風速1-2級(每秒2公尺)。相對濕度82%。', '2020-08-30 16:44:10'),
(1883, 16, '2020-08-31 18:00:00', '2020-08-31 21:00:00', '多雲。降雨機率 10%。溫度攝氏30度。悶熱。偏東風 平均風速1-2級(每秒2公尺)。相對濕度94%。', '2020-08-30 16:44:10'),
(1884, 16, '2020-08-31 21:00:00', '2020-09-01 00:00:00', '多雲。降雨機率 10%。溫度攝氏28度。悶熱。西南風 平均風速<= 1級(每秒1公尺)。相對濕度91%。', '2020-08-30 16:44:10'),
(1885, 16, '2020-09-01 00:00:00', '2020-09-01 03:00:00', '短暫陣雨。降雨機率 30%。溫度攝氏28度。悶熱。偏西風 平均風速<= 1級(每秒1公尺)。相對濕度90%。', '2020-08-30 16:44:10'),
(1886, 16, '2020-09-01 03:00:00', '2020-09-01 06:00:00', '短暫陣雨。降雨機率 30%。溫度攝氏27度。悶熱。偏西風 平均風速<= 1級(每秒2公尺)。相對濕度95%。', '2020-08-30 16:44:10'),
(1887, 16, '2020-09-01 06:00:00', '2020-09-01 09:00:00', '多雲。降雨機率 10%。溫度攝氏27度。悶熱。偏西風 平均風速2-3級(每秒4公尺)。相對濕度94%。', '2020-08-30 16:44:10'),
(1888, 16, '2020-09-01 09:00:00', '2020-09-01 12:00:00', '晴。降雨機率 10%。溫度攝氏29度。悶熱。西北風 平均風速2-3級(每秒5公尺)。相對濕度75%。', '2020-08-30 16:44:10'),
(1889, 16, '2020-09-01 12:00:00', '2020-09-01 15:00:00', '多雲。降雨機率 20%。溫度攝氏32度。悶熱。西北風 平均風速2-3級(每秒4公尺)。相對濕度61%。', '2020-08-30 16:44:10'),
(1890, 16, '2020-09-01 15:00:00', '2020-09-01 18:00:00', '多雲。降雨機率 20%。溫度攝氏32度。易中暑。西北風 平均風速2-3級(每秒4公尺)。相對濕度83%。', '2020-08-30 16:44:10'),
(1891, 16, '2020-09-01 18:00:00', '2020-09-01 21:00:00', '晴。降雨機率 30%。溫度攝氏30度。悶熱。西北風 平均風速1-2級(每秒3公尺)。相對濕度86%。', '2020-08-30 16:44:10'),
(1892, 16, '2020-09-01 21:00:00', '2020-09-02 00:00:00', '短暫陣雨。降雨機率 30%。溫度攝氏29度。悶熱。西北風 平均風速1-2級(每秒2公尺)。相對濕度85%。', '2020-08-30 16:44:10'),
(1893, 16, '2020-09-02 00:00:00', '2020-09-02 03:00:00', '短暫陣雨。降雨機率 40%。溫度攝氏28度。悶熱。西南風 平均風速<= 1級(每秒1公尺)。相對濕度91%。', '2020-08-30 16:44:10'),
(1894, 16, '2020-09-02 03:00:00', '2020-09-02 06:00:00', '短暫陣雨。降雨機率 40%。溫度攝氏27度。悶熱。西南風 平均風速<= 1級(每秒2公尺)。相對濕度96%。', '2020-08-30 16:44:10'),
(1895, 16, '2020-09-02 06:00:00', '2020-09-02 09:00:00', '短暫陣雨。溫度攝氏27度。悶熱。偏西風 平均風速1-2級(每秒3公尺)。相對濕度96%。', '2020-08-30 16:44:10'),
(1896, 16, '2020-09-02 09:00:00', '2020-09-02 12:00:00', '短暫陣雨。溫度攝氏29度。悶熱。偏西風 平均風速1-2級(每秒2公尺)。相對濕度91%。', '2020-08-30 16:44:10'),
(1897, 21, '2020-08-30 12:00:00', '2020-08-30 15:00:00', '多雲。降雨機率 20%。溫度攝氏34度。易中暑。偏西風 平均風速<= 1級(每秒1公尺)。相對濕度74%。', '2020-08-30 16:44:10'),
(1898, 21, '2020-08-30 15:00:00', '2020-08-30 18:00:00', '多雲。降雨機率 20%。溫度攝氏34度。易中暑。西北風 平均風速<= 1級(每秒2公尺)。相對濕度74%。', '2020-08-30 16:44:10'),
(1899, 21, '2020-08-30 18:00:00', '2020-08-30 21:00:00', '晴。降雨機率 20%。溫度攝氏31度。悶熱。偏南風 平均風速<= 1級(每秒2公尺)。相對濕度84%。', '2020-08-30 16:44:10'),
(1900, 21, '2020-08-30 21:00:00', '2020-08-31 00:00:00', '多雲。降雨機率 20%。溫度攝氏29度。悶熱。東南風 平均風速<= 1級(每秒2公尺)。相對濕度86%。', '2020-08-30 16:44:10'),
(1901, 21, '2020-08-31 00:00:00', '2020-08-31 03:00:00', '晴。降雨機率 10%。溫度攝氏28度。悶熱。偏南風 平均風速<= 1級(每秒1公尺)。相對濕度85%。', '2020-08-30 16:44:10'),
(1902, 21, '2020-08-31 03:00:00', '2020-08-31 06:00:00', '晴。降雨機率 10%。溫度攝氏27度。悶熱。東南風 平均風速<= 1級(每秒1公尺)。相對濕度88%。', '2020-08-30 16:44:10'),
(1903, 21, '2020-08-31 06:00:00', '2020-08-31 09:00:00', '晴。降雨機率 10%。溫度攝氏26度。悶熱。偏北風 平均風速<= 1級(每秒1公尺)。相對濕度90%。', '2020-08-30 16:44:10'),
(1904, 21, '2020-08-31 09:00:00', '2020-08-31 12:00:00', '晴。降雨機率 10%。溫度攝氏30度。悶熱。西北風 平均風速2-3級(每秒4公尺)。相對濕度86%。', '2020-08-30 16:44:10'),
(1905, 21, '2020-08-31 12:00:00', '2020-08-31 15:00:00', '晴。降雨機率 10%。溫度攝氏33度。易中暑。偏北風 平均風速2-3級(每秒4公尺)。相對濕度70%。', '2020-08-30 16:44:10'),
(1906, 21, '2020-08-31 15:00:00', '2020-08-31 18:00:00', '晴。降雨機率 10%。溫度攝氏33度。易中暑。偏西風 平均風速2-3級(每秒5公尺)。相對濕度72%。', '2020-08-30 16:44:10'),
(1907, 21, '2020-08-31 18:00:00', '2020-08-31 21:00:00', '多雲。降雨機率 10%。溫度攝氏31度。悶熱。東南風 平均風速2-3級(每秒4公尺)。相對濕度73%。', '2020-08-30 16:44:10'),
(1908, 21, '2020-08-31 21:00:00', '2020-09-01 00:00:00', '多雲。降雨機率 10%。溫度攝氏29度。悶熱。偏南風 平均風速<= 1級(每秒1公尺)。相對濕度73%。', '2020-08-30 16:44:10'),
(1909, 21, '2020-09-01 00:00:00', '2020-09-01 03:00:00', '晴。降雨機率 20%。溫度攝氏28度。悶熱。偏南風 平均風速<= 1級(每秒1公尺)。相對濕度83%。', '2020-08-30 16:44:10'),
(1910, 21, '2020-09-01 03:00:00', '2020-09-01 06:00:00', '多雲。降雨機率 20%。溫度攝氏27度。悶熱。偏南風 平均風速<= 1級(每秒2公尺)。相對濕度88%。', '2020-08-30 16:44:10'),
(1911, 21, '2020-09-01 06:00:00', '2020-09-01 09:00:00', '多雲。降雨機率 10%。溫度攝氏27度。悶熱。偏南風 平均風速<= 1級(每秒2公尺)。相對濕度86%。', '2020-08-30 16:44:10'),
(1912, 21, '2020-09-01 09:00:00', '2020-09-01 12:00:00', '晴。降雨機率 10%。溫度攝氏30度。悶熱。西北風 平均風速2-3級(每秒4公尺)。相對濕度75%。', '2020-08-30 16:44:10'),
(1913, 21, '2020-09-01 12:00:00', '2020-09-01 15:00:00', '晴。降雨機率 10%。溫度攝氏33度。易中暑。西北風 平均風速1-2級(每秒3公尺)。相對濕度68%。', '2020-08-30 16:44:10'),
(1914, 21, '2020-09-01 15:00:00', '2020-09-01 18:00:00', '多雲。降雨機率 10%。溫度攝氏33度。易中暑。西北風 平均風速1-2級(每秒3公尺)。相對濕度66%。', '2020-08-30 16:44:10'),
(1915, 21, '2020-09-01 18:00:00', '2020-09-01 21:00:00', '多雲。降雨機率 10%。溫度攝氏31度。悶熱。西北風 平均風速1-2級(每秒2公尺)。相對濕度76%。', '2020-08-30 16:44:10'),
(1916, 21, '2020-09-01 21:00:00', '2020-09-02 00:00:00', '多雲。降雨機率 10%。溫度攝氏29度。悶熱。偏南風 平均風速<= 1級(每秒1公尺)。相對濕度86%。', '2020-08-30 16:44:10'),
(1917, 21, '2020-09-02 00:00:00', '2020-09-02 03:00:00', '多雲。降雨機率 10%。溫度攝氏28度。悶熱。東南風 平均風速1-2級(每秒2公尺)。相對濕度89%。', '2020-08-30 16:44:10'),
(1918, 21, '2020-09-02 03:00:00', '2020-09-02 06:00:00', '多雲。降雨機率 10%。溫度攝氏27度。悶熱。偏南風 平均風速1-2級(每秒3公尺)。相對濕度84%。', '2020-08-30 16:44:10'),
(1919, 21, '2020-09-02 06:00:00', '2020-09-02 09:00:00', '短暫陣雨。溫度攝氏27度。悶熱。偏南風 平均風速1-2級(每秒3公尺)。相對濕度71%。', '2020-08-30 16:44:10'),
(1920, 21, '2020-09-02 09:00:00', '2020-09-02 12:00:00', '短暫陣雨。溫度攝氏30度。悶熱。西南風 平均風速1-2級(每秒3公尺)。相對濕度62%。', '2020-08-30 16:44:10'),
(1921, 5, '2020-08-30 12:00:00', '2020-08-30 15:00:00', '晴。降雨機率 10%。溫度攝氏34度。易中暑。東南風 平均風速1-2級(每秒3公尺)。相對濕度62%。', '2020-08-30 16:44:10'),
(1922, 5, '2020-08-30 15:00:00', '2020-08-30 18:00:00', '晴。降雨機率 10%。溫度攝氏33度。易中暑。偏東風 平均風速2-3級(每秒5公尺)。相對濕度63%。', '2020-08-30 16:44:10'),
(1923, 5, '2020-08-30 18:00:00', '2020-08-30 21:00:00', '晴。降雨機率 10%。溫度攝氏31度。悶熱。東北風 平均風速2-3級(每秒5公尺)。相對濕度69%。', '2020-08-30 16:44:10'),
(1924, 5, '2020-08-30 21:00:00', '2020-08-31 00:00:00', '晴。降雨機率 10%。溫度攝氏29度。悶熱。東北風 平均風速2-3級(每秒4公尺)。相對濕度80%。', '2020-08-30 16:44:10'),
(1925, 5, '2020-08-31 00:00:00', '2020-08-31 03:00:00', '晴。降雨機率 20%。溫度攝氏28度。悶熱。偏東風 平均風速2-3級(每秒4公尺)。相對濕度80%。', '2020-08-30 16:44:10'),
(1926, 5, '2020-08-31 03:00:00', '2020-08-31 06:00:00', '多雲。降雨機率 20%。溫度攝氏27度。舒適。偏東風 平均風速1-2級(每秒3公尺)。相對濕度83%。', '2020-08-30 16:44:10'),
(1927, 5, '2020-08-31 06:00:00', '2020-08-31 09:00:00', '多雲。降雨機率 20%。溫度攝氏26度。舒適。東北風 平均風速1-2級(每秒3公尺)。相對濕度86%。', '2020-08-30 16:44:10'),
(1928, 5, '2020-08-31 09:00:00', '2020-08-31 12:00:00', '多雲。降雨機率 20%。溫度攝氏31度。悶熱。東北風 平均風速3-4級(每秒6公尺)。相對濕度70%。', '2020-08-30 16:44:10'),
(1929, 5, '2020-08-31 12:00:00', '2020-08-31 15:00:00', '多雲。降雨機率 20%。溫度攝氏33度。易中暑。東北風 平均風速3-4級(每秒6公尺)。相對濕度67%。', '2020-08-30 16:44:10'),
(1930, 5, '2020-08-31 15:00:00', '2020-08-31 18:00:00', '多雲。降雨機率 20%。溫度攝氏33度。易中暑。東北風 平均風速3-4級(每秒7公尺)。相對濕度77%。', '2020-08-30 16:44:10'),
(1931, 5, '2020-08-31 18:00:00', '2020-08-31 21:00:00', '短暫陣雨。降雨機率 30%。溫度攝氏31度。悶熱。東北風 平均風速2-3級(每秒5公尺)。相對濕度80%。', '2020-08-30 16:44:10'),
(1932, 5, '2020-08-31 21:00:00', '2020-09-01 00:00:00', '多雲。降雨機率 30%。溫度攝氏29度。悶熱。東南風 平均風速1-2級(每秒2公尺)。相對濕度86%。', '2020-08-30 16:44:10'),
(1933, 5, '2020-09-01 00:00:00', '2020-09-01 03:00:00', '短暫陣雨。降雨機率 50%。溫度攝氏27度。悶熱。東南風 平均風速<= 1級(每秒2公尺)。相對濕度88%。', '2020-08-30 16:44:10'),
(1934, 5, '2020-09-01 03:00:00', '2020-09-01 06:00:00', '短暫陣雨。降雨機率 50%。溫度攝氏26度。悶熱。偏西風 平均風速<= 1級(每秒1公尺)。相對濕度90%。', '2020-08-30 16:44:10'),
(1935, 5, '2020-09-01 06:00:00', '2020-09-01 09:00:00', '多雲。降雨機率 20%。溫度攝氏25度。舒適。西南風 平均風速1-2級(每秒2公尺)。相對濕度92%。', '2020-08-30 16:44:10'),
(1936, 5, '2020-09-01 09:00:00', '2020-09-01 12:00:00', '多雲。降雨機率 20%。溫度攝氏30度。悶熱。偏西風 平均風速2-3級(每秒4公尺)。相對濕度82%。', '2020-08-30 16:44:10'),
(1937, 5, '2020-09-01 12:00:00', '2020-09-01 15:00:00', '多雲。降雨機率 10%。溫度攝氏33度。悶熱。偏東風 平均風速1-2級(每秒3公尺)。相對濕度60%。', '2020-08-30 16:44:10'),
(1938, 5, '2020-09-01 15:00:00', '2020-09-01 18:00:00', '多雲。降雨機率 10%。溫度攝氏33度。易中暑。偏東風 平均風速1-2級(每秒3公尺)。相對濕度65%。', '2020-08-30 16:44:10'),
(1939, 5, '2020-09-01 18:00:00', '2020-09-01 21:00:00', '多雲。降雨機率 10%。溫度攝氏31度。悶熱。東南風 平均風速2-3級(每秒4公尺)。相對濕度75%。', '2020-08-30 16:44:10'),
(1940, 5, '2020-09-01 21:00:00', '2020-09-02 00:00:00', '多雲。降雨機率 10%。溫度攝氏30度。悶熱。偏南風 平均風速<= 1級(每秒2公尺)。相對濕度82%。', '2020-08-30 16:44:10'),
(1941, 5, '2020-09-02 00:00:00', '2020-09-02 03:00:00', '多雲。降雨機率 10%。溫度攝氏29度。悶熱。西南風 平均風速1-2級(每秒3公尺)。相對濕度84%。', '2020-08-30 16:44:10'),
(1942, 5, '2020-09-02 03:00:00', '2020-09-02 06:00:00', '多雲。降雨機率 10%。溫度攝氏28度。悶熱。西南風 平均風速2-3級(每秒4公尺)。相對濕度79%。', '2020-08-30 16:44:10'),
(1943, 5, '2020-09-02 06:00:00', '2020-09-02 09:00:00', '多雲。溫度攝氏27度。舒適。西南風 平均風速2-3級(每秒4公尺)。相對濕度69%。', '2020-08-30 16:44:10'),
(1944, 5, '2020-09-02 09:00:00', '2020-09-02 12:00:00', '多雲。溫度攝氏31度。悶熱。西南風 平均風速2-3級(每秒5公尺)。相對濕度62%。', '2020-08-30 16:44:10'),
(1945, 2, '2020-08-30 12:00:00', '2020-08-30 15:00:00', '晴。降雨機率 10%。溫度攝氏34度。易中暑。偏東風 平均風速1-2級(每秒2公尺)。相對濕度63%。', '2020-08-30 16:44:10'),
(1946, 2, '2020-08-30 15:00:00', '2020-08-30 18:00:00', '晴。降雨機率 10%。溫度攝氏33度。易中暑。東北風 平均風速1-2級(每秒3公尺)。相對濕度73%。', '2020-08-30 16:44:10'),
(1947, 2, '2020-08-30 18:00:00', '2020-08-30 21:00:00', '多雲。降雨機率 20%。溫度攝氏31度。悶熱。偏東風 平均風速1-2級(每秒3公尺)。相對濕度85%。', '2020-08-30 16:44:10'),
(1948, 2, '2020-08-30 21:00:00', '2020-08-31 00:00:00', '多雲。降雨機率 20%。溫度攝氏29度。悶熱。偏東風 平均風速1-2級(每秒3公尺)。相對濕度91%。', '2020-08-30 16:44:10'),
(1949, 2, '2020-08-31 00:00:00', '2020-08-31 03:00:00', '多雲。降雨機率 20%。溫度攝氏28度。悶熱。偏東風 平均風速1-2級(每秒3公尺)。相對濕度90%。', '2020-08-30 16:44:10'),
(1950, 2, '2020-08-31 03:00:00', '2020-08-31 06:00:00', '多雲。降雨機率 20%。溫度攝氏28度。悶熱。偏東風 平均風速1-2級(每秒2公尺)。相對濕度94%。', '2020-08-30 16:44:10'),
(1951, 2, '2020-08-31 06:00:00', '2020-08-31 09:00:00', '短暫陣雨。降雨機率 50%。溫度攝氏27度。悶熱。偏東風 平均風速1-2級(每秒2公尺)。相對濕度89%。', '2020-08-30 16:44:10'),
(1952, 2, '2020-08-31 09:00:00', '2020-08-31 12:00:00', '短暫陣雨。降雨機率 50%。溫度攝氏30度。悶熱。偏東風 平均風速1-2級(每秒3公尺)。相對濕度69%。', '2020-08-30 16:44:10'),
(1953, 2, '2020-08-31 12:00:00', '2020-08-31 15:00:00', '短暫陣雨。降雨機率 50%。溫度攝氏32度。悶熱。偏北風 平均風速1-2級(每秒3公尺)。相對濕度63%。', '2020-08-30 16:44:10'),
(1954, 2, '2020-08-31 15:00:00', '2020-08-31 18:00:00', '短暫陣雨。降雨機率 50%。溫度攝氏31度。悶熱。偏北風 平均風速<= 1級(每秒2公尺)。相對濕度79%。', '2020-08-30 16:44:10'),
(1955, 2, '2020-08-31 18:00:00', '2020-08-31 21:00:00', '短暫陣雨。降雨機率 40%。溫度攝氏30度。悶熱。東北風 平均風速<= 1級(每秒1公尺)。相對濕度91%。', '2020-08-30 16:44:10'),
(1956, 2, '2020-08-31 21:00:00', '2020-09-01 00:00:00', '短暫陣雨。降雨機率 40%。溫度攝氏28度。悶熱。西南風 平均風速<= 1級(每秒1公尺)。相對濕度91%。', '2020-08-30 16:44:10');
INSERT INTO `weather2d` (`weather2dId`, `countryId`, `startTime`, `endTime`, `weather`, `storeDate`) VALUES
(1957, 2, '2020-09-01 00:00:00', '2020-09-01 03:00:00', '短暫陣雨。降雨機率 60%。溫度攝氏28度。悶熱。西南風 平均風速<= 1級(每秒1公尺)。相對濕度90%。', '2020-08-30 16:44:10'),
(1958, 2, '2020-09-01 03:00:00', '2020-09-01 06:00:00', '短暫陣雨。降雨機率 60%。溫度攝氏27度。悶熱。西南風 平均風速<= 1級(每秒1公尺)。相對濕度92%。', '2020-08-30 16:44:10'),
(1959, 2, '2020-09-01 06:00:00', '2020-09-01 09:00:00', '短暫陣雨。降雨機率 40%。溫度攝氏27度。悶熱。西南風 平均風速<= 1級(每秒2公尺)。相對濕度89%。', '2020-08-30 16:44:10'),
(1960, 2, '2020-09-01 09:00:00', '2020-09-01 12:00:00', '短暫陣雨。降雨機率 40%。溫度攝氏30度。悶熱。西北風 平均風速1-2級(每秒3公尺)。相對濕度87%。', '2020-08-30 16:44:10'),
(1961, 2, '2020-09-01 12:00:00', '2020-09-01 15:00:00', '短暫陣雨。降雨機率 30%。溫度攝氏33度。易中暑。西北風 平均風速1-2級(每秒3公尺)。相對濕度85%。', '2020-08-30 16:44:10'),
(1962, 2, '2020-09-01 15:00:00', '2020-09-01 18:00:00', '多雲。降雨機率 30%。溫度攝氏33度。易中暑。偏北風 平均風速1-2級(每秒2公尺)。相對濕度85%。', '2020-08-30 16:44:10'),
(1963, 2, '2020-09-01 18:00:00', '2020-09-01 21:00:00', '晴。降雨機率 10%。溫度攝氏31度。悶熱。偏東風 平均風速<= 1級(每秒1公尺)。相對濕度81%。', '2020-08-30 16:44:10'),
(1964, 2, '2020-09-01 21:00:00', '2020-09-02 00:00:00', '晴。降雨機率 10%。溫度攝氏29度。悶熱。東南風 平均風速<= 1級(每秒1公尺)。相對濕度75%。', '2020-08-30 16:44:10'),
(1965, 2, '2020-09-02 00:00:00', '2020-09-02 03:00:00', '多雲。降雨機率 10%。溫度攝氏29度。悶熱。偏西風 平均風速1-2級(每秒2公尺)。相對濕度80%。', '2020-08-30 16:44:10'),
(1966, 2, '2020-09-02 03:00:00', '2020-09-02 06:00:00', '多雲。降雨機率 10%。溫度攝氏28度。悶熱。偏西風 平均風速1-2級(每秒3公尺)。相對濕度79%。', '2020-08-30 16:44:10'),
(1967, 2, '2020-09-02 06:00:00', '2020-09-02 09:00:00', '多雲。溫度攝氏28度。悶熱。偏西風 平均風速1-2級(每秒3公尺)。相對濕度69%。', '2020-08-30 16:44:10'),
(1968, 2, '2020-09-02 09:00:00', '2020-09-02 12:00:00', '多雲。溫度攝氏31度。悶熱。偏西風 平均風速1-2級(每秒3公尺)。相對濕度60%。', '2020-08-30 16:44:10'),
(1969, 19, '2020-08-30 12:00:00', '2020-08-30 15:00:00', '晴。降雨機率 20%。溫度攝氏31度。悶熱。偏東風 平均風速2-3級(每秒4公尺)。相對濕度78%。', '2020-08-30 16:44:10'),
(1970, 19, '2020-08-30 15:00:00', '2020-08-30 18:00:00', '晴。降雨機率 20%。溫度攝氏31度。悶熱。偏東風 平均風速2-3級(每秒4公尺)。相對濕度80%。', '2020-08-30 16:44:10'),
(1971, 19, '2020-08-30 18:00:00', '2020-08-30 21:00:00', '多雲。降雨機率 20%。溫度攝氏29度。悶熱。偏東風 平均風速1-2級(每秒3公尺)。相對濕度88%。', '2020-08-30 16:44:10'),
(1972, 19, '2020-08-30 21:00:00', '2020-08-31 00:00:00', '多雲。降雨機率 20%。溫度攝氏28度。悶熱。偏東風 平均風速2-3級(每秒4公尺)。相對濕度90%。', '2020-08-30 16:44:10'),
(1973, 19, '2020-08-31 00:00:00', '2020-08-31 03:00:00', '短暫陣雨。降雨機率 50%。溫度攝氏27度。悶熱。偏東風 平均風速2-3級(每秒5公尺)。相對濕度87%。', '2020-08-30 16:44:10'),
(1974, 19, '2020-08-31 03:00:00', '2020-08-31 06:00:00', '多雲。降雨機率 50%。溫度攝氏27度。悶熱。偏東風 平均風速2-3級(每秒4公尺)。相對濕度93%。', '2020-08-30 16:44:10'),
(1975, 19, '2020-08-31 06:00:00', '2020-08-31 09:00:00', '短暫陣雨。降雨機率 50%。溫度攝氏26度。悶熱。西北風 平均風速2-3級(每秒4公尺)。相對濕度93%。', '2020-08-30 16:44:10'),
(1976, 19, '2020-08-31 09:00:00', '2020-08-31 12:00:00', '短暫陣雨。降雨機率 50%。溫度攝氏30度。悶熱。偏北風 平均風速2-3級(每秒5公尺)。相對濕度86%。', '2020-08-30 16:44:10'),
(1977, 19, '2020-08-31 12:00:00', '2020-08-31 15:00:00', '短暫陣雨。降雨機率 50%。溫度攝氏31度。悶熱。偏西風 平均風速2-3級(每秒5公尺)。相對濕度81%。', '2020-08-30 16:44:10'),
(1978, 19, '2020-08-31 15:00:00', '2020-08-31 18:00:00', '短暫陣雨。降雨機率 50%。溫度攝氏30度。悶熱。偏西風 平均風速2-3級(每秒5公尺)。相對濕度86%。', '2020-08-30 16:44:10'),
(1979, 19, '2020-08-31 18:00:00', '2020-08-31 21:00:00', '短暫陣雨。降雨機率 60%。溫度攝氏29度。悶熱。西北風 平均風速2-3級(每秒5公尺)。相對濕度92%。', '2020-08-30 16:44:10'),
(1980, 19, '2020-08-31 21:00:00', '2020-09-01 00:00:00', '短暫陣雨。降雨機率 60%。溫度攝氏28度。悶熱。偏西風 平均風速2-3級(每秒5公尺)。相對濕度90%。', '2020-08-30 16:44:10'),
(1981, 19, '2020-09-01 00:00:00', '2020-09-01 03:00:00', '短暫陣雨。降雨機率 50%。溫度攝氏27度。悶熱。偏西風 平均風速2-3級(每秒5公尺)。相對濕度89%。', '2020-08-30 16:44:10'),
(1982, 19, '2020-09-01 03:00:00', '2020-09-01 06:00:00', '短暫陣雨。降雨機率 50%。溫度攝氏27度。悶熱。偏西風 平均風速3-4級(每秒6公尺)。相對濕度91%。', '2020-08-30 16:44:10'),
(1983, 19, '2020-09-01 06:00:00', '2020-09-01 09:00:00', '短暫陣雨。降雨機率 40%。溫度攝氏26度。悶熱。偏西風 平均風速3-4級(每秒6公尺)。相對濕度92%。', '2020-08-30 16:44:10'),
(1984, 19, '2020-09-01 09:00:00', '2020-09-01 12:00:00', '短暫陣雨。降雨機率 40%。溫度攝氏30度。悶熱。西北風 平均風速3-4級(每秒7公尺)。相對濕度86%。', '2020-08-30 16:44:10'),
(1985, 19, '2020-09-01 12:00:00', '2020-09-01 15:00:00', '短暫陣雨。降雨機率 30%。溫度攝氏32度。易中暑。偏西風 平均風速3-4級(每秒7公尺)。相對濕度75%。', '2020-08-30 16:44:10'),
(1986, 19, '2020-09-01 15:00:00', '2020-09-01 18:00:00', '多雲。降雨機率 30%。溫度攝氏32度。易中暑。偏西風 平均風速3-4級(每秒6公尺)。相對濕度79%。', '2020-08-30 16:44:10'),
(1987, 19, '2020-09-01 18:00:00', '2020-09-01 21:00:00', '多雲。降雨機率 10%。溫度攝氏30度。悶熱。西南風 平均風速2-3級(每秒5公尺)。相對濕度78%。', '2020-08-30 16:44:10'),
(1988, 19, '2020-09-01 21:00:00', '2020-09-02 00:00:00', '晴。降雨機率 10%。溫度攝氏29度。悶熱。西南風 平均風速2-3級(每秒4公尺)。相對濕度67%。', '2020-08-30 16:44:10'),
(1989, 19, '2020-09-02 00:00:00', '2020-09-02 03:00:00', '多雲。降雨機率 10%。溫度攝氏29度。悶熱。西南風 平均風速2-3級(每秒4公尺)。相對濕度78%。', '2020-08-30 16:44:10'),
(1990, 19, '2020-09-02 03:00:00', '2020-09-02 06:00:00', '多雲。降雨機率 10%。溫度攝氏28度。悶熱。西南風 平均風速2-3級(每秒4公尺)。相對濕度84%。', '2020-08-30 16:44:10'),
(1991, 19, '2020-09-02 06:00:00', '2020-09-02 09:00:00', '多雲。溫度攝氏28度。悶熱。西南風 平均風速2-3級(每秒4公尺)。相對濕度75%。', '2020-08-30 16:44:11'),
(1992, 19, '2020-09-02 09:00:00', '2020-09-02 12:00:00', '多雲。溫度攝氏32度。悶熱。西北風 平均風速2-3級(每秒4公尺)。相對濕度66%。', '2020-08-30 16:44:11'),
(1993, 12, '2020-08-30 12:00:00', '2020-08-30 15:00:00', '多雲。降雨機率 50%。溫度攝氏34度。易中暑。西北風 平均風速<= 1級(每秒1公尺)。相對濕度70%。', '2020-08-30 16:44:11'),
(1994, 12, '2020-08-30 15:00:00', '2020-08-30 18:00:00', '午後短暫雷陣雨。降雨機率 50%。溫度攝氏34度。易中暑。偏南風 平均風速<= 1級(每秒2公尺)。相對濕度67%。', '2020-08-30 16:44:11'),
(1995, 12, '2020-08-30 18:00:00', '2020-08-30 21:00:00', '晴。降雨機率 10%。溫度攝氏31度。悶熱。偏南風 平均風速<= 1級(每秒1公尺)。相對濕度76%。', '2020-08-30 16:44:11'),
(1996, 12, '2020-08-30 21:00:00', '2020-08-31 00:00:00', '晴。降雨機率 10%。溫度攝氏29度。悶熱。東南風 平均風速<= 1級(每秒0公尺)。相對濕度84%。', '2020-08-30 16:44:11'),
(1997, 12, '2020-08-31 00:00:00', '2020-08-31 03:00:00', '晴。降雨機率 10%。溫度攝氏28度。悶熱。西南風 平均風速<= 1級(每秒0公尺)。相對濕度85%。', '2020-08-30 16:44:11'),
(1998, 12, '2020-08-31 03:00:00', '2020-08-31 06:00:00', '晴。降雨機率 10%。溫度攝氏27度。悶熱。偏南風 平均風速<= 1級(每秒0公尺)。相對濕度83%。', '2020-08-30 16:44:11'),
(1999, 12, '2020-08-31 06:00:00', '2020-08-31 09:00:00', '晴。降雨機率 20%。溫度攝氏26度。悶熱。西北風 平均風速<= 1級(每秒1公尺)。相對濕度86%。', '2020-08-30 16:44:11'),
(2000, 12, '2020-08-31 09:00:00', '2020-08-31 12:00:00', '晴。降雨機率 20%。溫度攝氏30度。悶熱。西北風 平均風速1-2級(每秒3公尺)。相對濕度80%。', '2020-08-30 16:44:11'),
(2001, 12, '2020-08-31 12:00:00', '2020-08-31 15:00:00', '午後短暫雷陣雨。降雨機率 30%。溫度攝氏33度。易中暑。偏北風 平均風速<= 1級(每秒2公尺)。相對濕度64%。', '2020-08-30 16:44:11'),
(2002, 12, '2020-08-31 15:00:00', '2020-08-31 18:00:00', '多雲。降雨機率 30%。溫度攝氏33度。悶熱。偏北風 平均風速1-2級(每秒2公尺)。相對濕度63%。', '2020-08-30 16:44:11'),
(2003, 12, '2020-08-31 18:00:00', '2020-08-31 21:00:00', '多雲。降雨機率 10%。溫度攝氏31度。悶熱。偏南風 平均風速1-2級(每秒2公尺)。相對濕度68%。', '2020-08-30 16:44:11'),
(2004, 12, '2020-08-31 21:00:00', '2020-09-01 00:00:00', '多雲。降雨機率 10%。溫度攝氏29度。悶熱。西南風 平均風速<= 1級(每秒0公尺)。相對濕度72%。', '2020-08-30 16:44:11'),
(2005, 12, '2020-09-01 00:00:00', '2020-09-01 03:00:00', '多雲。降雨機率 20%。溫度攝氏28度。悶熱。西南風 平均風速<= 1級(每秒0公尺)。相對濕度80%。', '2020-08-30 16:44:11'),
(2006, 12, '2020-09-01 03:00:00', '2020-09-01 06:00:00', '多雲。降雨機率 20%。溫度攝氏27度。悶熱。西南風 平均風速<= 1級(每秒0公尺)。相對濕度82%。', '2020-08-30 16:44:11'),
(2007, 12, '2020-09-01 06:00:00', '2020-09-01 09:00:00', '多雲。降雨機率 10%。溫度攝氏26度。舒適。西南風 平均風速<= 1級(每秒1公尺)。相對濕度81%。', '2020-08-30 16:44:11'),
(2008, 12, '2020-09-01 09:00:00', '2020-09-01 12:00:00', '多雲。降雨機率 10%。溫度攝氏30度。悶熱。西北風 平均風速1-2級(每秒3公尺)。相對濕度73%。', '2020-08-30 16:44:11'),
(2009, 12, '2020-09-01 12:00:00', '2020-09-01 15:00:00', '晴。降雨機率 10%。溫度攝氏34度。易中暑。偏北風 平均風速<= 1級(每秒1公尺)。相對濕度63%。', '2020-08-30 16:44:11'),
(2010, 12, '2020-09-01 15:00:00', '2020-09-01 18:00:00', '多雲。降雨機率 10%。溫度攝氏34度。易中暑。偏北風 平均風速1-2級(每秒2公尺)。相對濕度63%。', '2020-08-30 16:44:11'),
(2011, 12, '2020-09-01 18:00:00', '2020-09-01 21:00:00', '多雲。降雨機率 10%。溫度攝氏31度。悶熱。西北風 平均風速<= 1級(每秒1公尺)。相對濕度71%。', '2020-08-30 16:44:11'),
(2012, 12, '2020-09-01 21:00:00', '2020-09-02 00:00:00', '多雲。降雨機率 10%。溫度攝氏29度。悶熱。東南風 平均風速<= 1級(每秒1公尺)。相對濕度77%。', '2020-08-30 16:44:11'),
(2013, 12, '2020-09-02 00:00:00', '2020-09-02 03:00:00', '多雲。降雨機率 10%。溫度攝氏28度。悶熱。東南風 平均風速1-2級(每秒2公尺)。相對濕度81%。', '2020-08-30 16:44:11'),
(2014, 12, '2020-09-02 03:00:00', '2020-09-02 06:00:00', '多雲。降雨機率 10%。溫度攝氏28度。悶熱。偏南風 平均風速1-2級(每秒2公尺)。相對濕度79%。', '2020-08-30 16:44:11'),
(2015, 12, '2020-09-02 06:00:00', '2020-09-02 09:00:00', '短暫陣雨。溫度攝氏27度。悶熱。偏南風 平均風速1-2級(每秒2公尺)。相對濕度70%。', '2020-08-30 16:44:11'),
(2016, 12, '2020-09-02 09:00:00', '2020-09-02 12:00:00', '短暫陣雨。溫度攝氏30度。悶熱。偏南風 平均風速1-2級(每秒2公尺)。相對濕度63%。', '2020-08-30 16:44:11'),
(2017, 7, '2020-08-30 12:00:00', '2020-08-30 15:00:00', '午後短暫雷陣雨。降雨機率 50%。溫度攝氏32度。易中暑。東南風 平均風速1-2級(每秒2公尺)。相對濕度84%。', '2020-08-30 16:44:11'),
(2018, 7, '2020-08-30 15:00:00', '2020-08-30 18:00:00', '午後短暫雷陣雨。降雨機率 50%。溫度攝氏32度。悶熱。偏北風 平均風速1-2級(每秒3公尺)。相對濕度73%。', '2020-08-30 16:44:11'),
(2019, 7, '2020-08-30 18:00:00', '2020-08-30 21:00:00', '晴。降雨機率 10%。溫度攝氏30度。悶熱。東南風 平均風速1-2級(每秒2公尺)。相對濕度86%。', '2020-08-30 16:44:11'),
(2020, 7, '2020-08-30 21:00:00', '2020-08-31 00:00:00', '晴。降雨機率 10%。溫度攝氏29度。悶熱。西南風 平均風速<= 1級(每秒1公尺)。相對濕度92%。', '2020-08-30 16:44:11'),
(2021, 7, '2020-08-31 00:00:00', '2020-08-31 03:00:00', '多雲。降雨機率 20%。溫度攝氏28度。悶熱。偏南風 平均風速1-2級(每秒2公尺)。相對濕度89%。', '2020-08-30 16:44:11'),
(2022, 7, '2020-08-31 03:00:00', '2020-08-31 06:00:00', '多雲。降雨機率 20%。溫度攝氏28度。悶熱。偏南風 平均風速1-2級(每秒3公尺)。相對濕度97%。', '2020-08-30 16:44:11'),
(2023, 7, '2020-08-31 06:00:00', '2020-08-31 09:00:00', '晴。降雨機率 20%。溫度攝氏27度。悶熱。偏南風 平均風速1-2級(每秒3公尺)。相對濕度95%。', '2020-08-30 16:44:11'),
(2024, 7, '2020-08-31 09:00:00', '2020-08-31 12:00:00', '多雲。降雨機率 20%。溫度攝氏30度。悶熱。偏南風 平均風速1-2級(每秒3公尺)。相對濕度92%。', '2020-08-30 16:44:11'),
(2025, 7, '2020-08-31 12:00:00', '2020-08-31 15:00:00', '午後短暫雷陣雨。降雨機率 50%。溫度攝氏32度。易中暑。偏東風 平均風速1-2級(每秒2公尺)。相對濕度87%。', '2020-08-30 16:44:11'),
(2026, 7, '2020-08-31 15:00:00', '2020-08-31 18:00:00', '多雲。降雨機率 50%。溫度攝氏32度。易中暑。偏東風 平均風速2-3級(每秒4公尺)。相對濕度88%。', '2020-08-30 16:44:11'),
(2027, 7, '2020-08-31 18:00:00', '2020-08-31 21:00:00', '多雲。降雨機率 30%。溫度攝氏30度。悶熱。偏東風 平均風速1-2級(每秒3公尺)。相對濕度93%。', '2020-08-30 16:44:11'),
(2028, 7, '2020-08-31 21:00:00', '2020-09-01 00:00:00', '短暫陣雨。降雨機率 30%。溫度攝氏28度。悶熱。東南風 平均風速1-2級(每秒2公尺)。相對濕度92%。', '2020-08-30 16:44:11'),
(2029, 7, '2020-09-01 00:00:00', '2020-09-01 03:00:00', '短暫陣雨。降雨機率 30%。溫度攝氏28度。悶熱。西北風 平均風速1-2級(每秒3公尺)。相對濕度94%。', '2020-08-30 16:44:11'),
(2030, 7, '2020-09-01 03:00:00', '2020-09-01 06:00:00', '短暫陣雨。降雨機率 30%。溫度攝氏27度。悶熱。西北風 平均風速1-2級(每秒3公尺)。相對濕度99%。', '2020-08-30 16:44:11'),
(2031, 7, '2020-09-01 06:00:00', '2020-09-01 09:00:00', '多雲。降雨機率 10%。溫度攝氏27度。悶熱。西北風 平均風速2-3級(每秒5公尺)。相對濕度90%。', '2020-08-30 16:44:11'),
(2032, 7, '2020-09-01 09:00:00', '2020-09-01 12:00:00', '多雲。降雨機率 10%。溫度攝氏30度。悶熱。西北風 平均風速3-4級(每秒6公尺)。相對濕度62%。', '2020-08-30 16:44:11'),
(2033, 7, '2020-09-01 12:00:00', '2020-09-01 15:00:00', '晴。降雨機率 20%。溫度攝氏32度。悶熱。西北風 平均風速2-3級(每秒5公尺)。相對濕度55%。', '2020-08-30 16:44:11'),
(2034, 7, '2020-09-01 15:00:00', '2020-09-01 18:00:00', '多雲。降雨機率 20%。溫度攝氏32度。悶熱。西北風 平均風速2-3級(每秒5公尺)。相對濕度71%。', '2020-08-30 16:44:11'),
(2035, 7, '2020-09-01 18:00:00', '2020-09-01 21:00:00', '晴。降雨機率 10%。溫度攝氏30度。悶熱。西南風 平均風速1-2級(每秒3公尺)。相對濕度72%。', '2020-08-30 16:44:11'),
(2036, 7, '2020-09-01 21:00:00', '2020-09-02 00:00:00', '多雲。降雨機率 10%。溫度攝氏28度。悶熱。偏西風 平均風速1-2級(每秒3公尺)。相對濕度83%。', '2020-08-30 16:44:11'),
(2037, 7, '2020-09-02 00:00:00', '2020-09-02 03:00:00', '短暫陣雨。降雨機率 50%。溫度攝氏28度。悶熱。偏南風 平均風速1-2級(每秒2公尺)。相對濕度90%。', '2020-08-30 16:44:11'),
(2038, 7, '2020-09-02 03:00:00', '2020-09-02 06:00:00', '短暫陣雨。降雨機率 50%。溫度攝氏28度。悶熱。西南風 平均風速1-2級(每秒3公尺)。相對濕度96%。', '2020-08-30 16:44:11'),
(2039, 7, '2020-09-02 06:00:00', '2020-09-02 09:00:00', '短暫陣雨。溫度攝氏27度。悶熱。偏西風 平均風速1-2級(每秒3公尺)。相對濕度99%。', '2020-08-30 16:44:11'),
(2040, 7, '2020-09-02 09:00:00', '2020-09-02 12:00:00', '短暫陣雨。溫度攝氏29度。悶熱。偏西風 平均風速1-2級(每秒3公尺)。相對濕度98%。', '2020-08-30 16:44:11'),
(2041, 14, '2020-08-30 12:00:00', '2020-08-30 15:00:00', '晴。降雨機率 10%。溫度攝氏34度。悶熱。偏東風 平均風速<= 1級(每秒2公尺)。相對濕度59%。', '2020-08-30 16:44:11'),
(2042, 14, '2020-08-30 15:00:00', '2020-08-30 18:00:00', '晴。降雨機率 10%。溫度攝氏33度。易中暑。東北風 平均風速1-2級(每秒3公尺)。相對濕度68%。', '2020-08-30 16:44:11'),
(2043, 14, '2020-08-30 18:00:00', '2020-08-30 21:00:00', '晴。降雨機率 20%。溫度攝氏30度。悶熱。偏東風 平均風速1-2級(每秒3公尺)。相對濕度80%。', '2020-08-30 16:44:11'),
(2044, 14, '2020-08-30 21:00:00', '2020-08-31 00:00:00', '多雲。降雨機率 20%。溫度攝氏28度。悶熱。偏東風 平均風速2-3級(每秒4公尺)。相對濕度84%。', '2020-08-30 16:44:11'),
(2045, 14, '2020-08-31 00:00:00', '2020-08-31 03:00:00', '多雲。降雨機率 20%。溫度攝氏28度。悶熱。偏東風 平均風速1-2級(每秒3公尺)。相對濕度86%。', '2020-08-30 16:44:11'),
(2046, 14, '2020-08-31 03:00:00', '2020-08-31 06:00:00', '多雲。降雨機率 20%。溫度攝氏27度。悶熱。偏東風 平均風速1-2級(每秒3公尺)。相對濕度95%。', '2020-08-30 16:44:11'),
(2047, 14, '2020-08-31 06:00:00', '2020-08-31 09:00:00', '多雲。降雨機率 60%。溫度攝氏26度。舒適。偏東風 平均風速1-2級(每秒2公尺)。相對濕度90%。', '2020-08-30 16:44:11'),
(2048, 14, '2020-08-31 09:00:00', '2020-08-31 12:00:00', '短暫陣雨。降雨機率 60%。溫度攝氏30度。悶熱。東北風 平均風速1-2級(每秒3公尺)。相對濕度71%。', '2020-08-30 16:44:11'),
(2049, 14, '2020-08-31 12:00:00', '2020-08-31 15:00:00', '短暫陣雨。降雨機率 40%。溫度攝氏32度。悶熱。東北風 平均風速1-2級(每秒2公尺)。相對濕度63%。', '2020-08-30 16:44:11'),
(2050, 14, '2020-08-31 15:00:00', '2020-08-31 18:00:00', '多雲。降雨機率 40%。溫度攝氏32度。易中暑。東北風 平均風速1-2級(每秒2公尺)。相對濕度77%。', '2020-08-30 16:44:11'),
(2051, 14, '2020-08-31 18:00:00', '2020-08-31 21:00:00', '短暫陣雨。降雨機率 60%。溫度攝氏30度。悶熱。東北風 平均風速<= 1級(每秒2公尺)。相對濕度93%。', '2020-08-30 16:44:11'),
(2052, 14, '2020-08-31 21:00:00', '2020-09-01 00:00:00', '短暫陣雨。降雨機率 60%。溫度攝氏28度。悶熱。西南風 平均風速<= 1級(每秒0公尺)。相對濕度93%。', '2020-08-30 16:44:11'),
(2053, 14, '2020-09-01 00:00:00', '2020-09-01 03:00:00', '短暫陣雨。降雨機率 60%。溫度攝氏27度。悶熱。西南風 平均風速<= 1級(每秒0公尺)。相對濕度90%。', '2020-08-30 16:44:11'),
(2054, 14, '2020-09-01 03:00:00', '2020-09-01 06:00:00', '短暫陣雨。降雨機率 60%。溫度攝氏26度。悶熱。西南風 平均風速<= 1級(每秒0公尺)。相對濕度94%。', '2020-08-30 16:44:11'),
(2055, 14, '2020-09-01 06:00:00', '2020-09-01 09:00:00', '短暫陣雨。降雨機率 30%。溫度攝氏26度。舒適。西南風 平均風速<= 1級(每秒0公尺)。相對濕度93%。', '2020-08-30 16:44:11'),
(2056, 14, '2020-09-01 09:00:00', '2020-09-01 12:00:00', '短暫陣雨。降雨機率 30%。溫度攝氏30度。悶熱。西北風 平均風速1-2級(每秒2公尺)。相對濕度88%。', '2020-08-30 16:44:11'),
(2057, 14, '2020-09-01 12:00:00', '2020-09-01 15:00:00', '短暫陣雨。降雨機率 30%。溫度攝氏34度。易中暑。偏北風 平均風速<= 1級(每秒2公尺)。相對濕度80%。', '2020-08-30 16:44:11'),
(2058, 14, '2020-09-01 15:00:00', '2020-09-01 18:00:00', '多雲。降雨機率 30%。溫度攝氏33度。易中暑。偏北風 平均風速1-2級(每秒2公尺)。相對濕度78%。', '2020-08-30 16:44:11'),
(2059, 14, '2020-09-01 18:00:00', '2020-09-01 21:00:00', '晴。降雨機率 10%。溫度攝氏31度。悶熱。偏東風 平均風速<= 1級(每秒1公尺)。相對濕度76%。', '2020-08-30 16:44:11'),
(2060, 14, '2020-09-01 21:00:00', '2020-09-02 00:00:00', '晴。降雨機率 10%。溫度攝氏29度。悶熱。東南風 平均風速<= 1級(每秒1公尺)。相對濕度72%。', '2020-08-30 16:44:11'),
(2061, 14, '2020-09-02 00:00:00', '2020-09-02 03:00:00', '多雲。降雨機率 10%。溫度攝氏29度。悶熱。西南風 平均風速1-2級(每秒2公尺)。相對濕度77%。', '2020-08-30 16:44:11'),
(2062, 14, '2020-09-02 03:00:00', '2020-09-02 06:00:00', '多雲。降雨機率 10%。溫度攝氏28度。悶熱。西南風 平均風速1-2級(每秒2公尺)。相對濕度77%。', '2020-08-30 16:44:11'),
(2063, 14, '2020-09-02 06:00:00', '2020-09-02 09:00:00', '多雲。溫度攝氏27度。舒適。西南風 平均風速1-2級(每秒2公尺)。相對濕度69%。', '2020-08-30 16:44:11'),
(2064, 14, '2020-09-02 09:00:00', '2020-09-02 12:00:00', '多雲。溫度攝氏31度。悶熱。偏西風 平均風速1-2級(每秒3公尺)。相對濕度61%。', '2020-08-30 16:44:11'),
(2065, 1, '2020-08-30 12:00:00', '2020-08-30 15:00:00', '午後短暫雷陣雨。降雨機率 50%。溫度攝氏33度。易中暑。西北風 平均風速1-2級(每秒2公尺)。相對濕度79%。', '2020-08-30 16:44:11'),
(2066, 1, '2020-08-30 15:00:00', '2020-08-30 18:00:00', '午後短暫雷陣雨。降雨機率 50%。溫度攝氏33度。易中暑。東南風 平均風速<= 1級(每秒2公尺)。相對濕度76%。', '2020-08-30 16:44:11'),
(2067, 1, '2020-08-30 18:00:00', '2020-08-30 21:00:00', '晴。降雨機率 10%。溫度攝氏30度。悶熱。偏北風 平均風速<= 1級(每秒1公尺)。相對濕度91%。', '2020-08-30 16:44:11'),
(2068, 1, '2020-08-30 21:00:00', '2020-08-31 00:00:00', '晴。降雨機率 10%。溫度攝氏27度。悶熱。西南風 平均風速<= 1級(每秒2公尺)。相對濕度97%。', '2020-08-30 16:44:11'),
(2069, 1, '2020-08-31 00:00:00', '2020-08-31 03:00:00', '晴。降雨機率 20%。溫度攝氏27度。悶熱。偏南風 平均風速1-2級(每秒2公尺)。相對濕度96%。', '2020-08-30 16:44:11'),
(2070, 1, '2020-08-31 03:00:00', '2020-08-31 06:00:00', '多雲。降雨機率 20%。溫度攝氏26度。悶熱。東南風 平均風速1-2級(每秒2公尺)。相對濕度97%。', '2020-08-30 16:44:11'),
(2071, 1, '2020-08-31 06:00:00', '2020-08-31 09:00:00', '晴。降雨機率 20%。溫度攝氏26度。舒適。東南風 平均風速1-2級(每秒2公尺)。相對濕度93%。', '2020-08-30 16:44:11'),
(2072, 1, '2020-08-31 09:00:00', '2020-08-31 12:00:00', '多雲。降雨機率 20%。溫度攝氏30度。悶熱。偏西風 平均風速1-2級(每秒3公尺)。相對濕度77%。', '2020-08-30 16:44:11'),
(2073, 1, '2020-08-31 12:00:00', '2020-08-31 15:00:00', '午後短暫雷陣雨。降雨機率 40%。溫度攝氏33度。易中暑。偏北風 平均風速1-2級(每秒2公尺)。相對濕度73%。', '2020-08-30 16:44:11'),
(2074, 1, '2020-08-31 15:00:00', '2020-08-31 18:00:00', '多雲。降雨機率 40%。溫度攝氏33度。易中暑。偏南風 平均風速2-3級(每秒5公尺)。相對濕度83%。', '2020-08-30 16:44:11'),
(2075, 1, '2020-08-31 18:00:00', '2020-08-31 21:00:00', '多雲。降雨機率 10%。溫度攝氏30度。悶熱。偏西風 平均風速<= 1級(每秒2公尺)。相對濕度90%。', '2020-08-30 16:44:11'),
(2076, 1, '2020-08-31 21:00:00', '2020-09-01 00:00:00', '多雲。降雨機率 10%。溫度攝氏28度。悶熱。西南風 平均風速<= 1級(每秒1公尺)。相對濕度94%。', '2020-08-30 16:44:11'),
(2077, 1, '2020-09-01 00:00:00', '2020-09-01 03:00:00', '多雲。降雨機率 10%。溫度攝氏27度。悶熱。西南風 平均風速<= 1級(每秒1公尺)。相對濕度95%。', '2020-08-30 16:44:11'),
(2078, 1, '2020-09-01 03:00:00', '2020-09-01 06:00:00', '多雲。降雨機率 10%。溫度攝氏26度。悶熱。西南風 平均風速<= 1級(每秒2公尺)。相對濕度98%。', '2020-08-30 16:44:11'),
(2079, 1, '2020-09-01 06:00:00', '2020-09-01 09:00:00', '多雲。降雨機率 10%。溫度攝氏26度。舒適。西南風 平均風速<= 1級(每秒2公尺)。相對濕度93%。', '2020-08-30 16:44:11'),
(2080, 1, '2020-09-01 09:00:00', '2020-09-01 12:00:00', '多雲。降雨機率 10%。溫度攝氏30度。悶熱。偏北風 平均風速1-2級(每秒3公尺)。相對濕度75%。', '2020-08-30 16:44:11'),
(2081, 1, '2020-09-01 12:00:00', '2020-09-01 15:00:00', '晴。降雨機率 20%。溫度攝氏33度。悶熱。偏北風 平均風速1-2級(每秒2公尺)。相對濕度64%。', '2020-08-30 16:44:11'),
(2082, 1, '2020-09-01 15:00:00', '2020-09-01 18:00:00', '晴。降雨機率 20%。溫度攝氏33度。易中暑。西北風 平均風速1-2級(每秒3公尺)。相對濕度72%。', '2020-08-30 16:44:11'),
(2083, 1, '2020-09-01 18:00:00', '2020-09-01 21:00:00', '多雲。降雨機率 10%。溫度攝氏30度。悶熱。偏北風 平均風速<= 1級(每秒1公尺)。相對濕度90%。', '2020-08-30 16:44:11'),
(2084, 1, '2020-09-01 21:00:00', '2020-09-02 00:00:00', '多雲。降雨機率 10%。溫度攝氏28度。悶熱。東北風 平均風速<= 1級(每秒2公尺)。相對濕度94%。', '2020-08-30 16:44:11'),
(2085, 1, '2020-09-02 00:00:00', '2020-09-02 03:00:00', '短暫陣雨。降雨機率 30%。溫度攝氏27度。悶熱。偏南風 平均風速1-2級(每秒2公尺)。相對濕度94%。', '2020-08-30 16:44:11'),
(2086, 1, '2020-09-02 03:00:00', '2020-09-02 06:00:00', '短暫陣雨。降雨機率 30%。溫度攝氏26度。悶熱。偏南風 平均風速1-2級(每秒3公尺)。相對濕度92%。', '2020-08-30 16:44:11'),
(2087, 1, '2020-09-02 06:00:00', '2020-09-02 09:00:00', '短暫陣雨。溫度攝氏26度。舒適。西南風 平均風速1-2級(每秒3公尺)。相對濕度87%。', '2020-08-30 16:44:11'),
(2088, 1, '2020-09-02 09:00:00', '2020-09-02 12:00:00', '短暫陣雨。溫度攝氏29度。悶熱。偏南風 平均風速1-2級(每秒3公尺)。相對濕度83%。', '2020-08-30 16:44:11'),
(2089, 3, '2020-08-30 12:00:00', '2020-08-30 15:00:00', '午後短暫雷陣雨。降雨機率 70%。溫度攝氏34度。易中暑。西北風 平均風速<= 1級(每秒1公尺)。相對濕度70%。', '2020-08-30 16:44:11'),
(2090, 3, '2020-08-30 15:00:00', '2020-08-30 18:00:00', '午後短暫雷陣雨。降雨機率 70%。溫度攝氏33度。易中暑。東南風 平均風速<= 1級(每秒0公尺)。相對濕度72%。', '2020-08-30 16:44:11'),
(2091, 3, '2020-08-30 18:00:00', '2020-08-30 21:00:00', '晴。降雨機率 10%。溫度攝氏29度。悶熱。西南風 平均風速<= 1級(每秒0公尺)。相對濕度89%。', '2020-08-30 16:44:11'),
(2092, 3, '2020-08-30 21:00:00', '2020-08-31 00:00:00', '晴。降雨機率 10%。溫度攝氏27度。悶熱。偏南風 平均風速<= 1級(每秒1公尺)。相對濕度94%。', '2020-08-30 16:44:11'),
(2093, 3, '2020-08-31 00:00:00', '2020-08-31 03:00:00', '晴。降雨機率 10%。溫度攝氏26度。悶熱。偏南風 平均風速<= 1級(每秒1公尺)。相對濕度93%。', '2020-08-30 16:44:11'),
(2094, 3, '2020-08-31 03:00:00', '2020-08-31 06:00:00', '晴。降雨機率 10%。溫度攝氏25度。舒適。東南風 平均風速<= 1級(每秒1公尺)。相對濕度90%。', '2020-08-30 16:44:11'),
(2095, 3, '2020-08-31 06:00:00', '2020-08-31 09:00:00', '晴。降雨機率 20%。溫度攝氏25度。舒適。偏北風 平均風速<= 1級(每秒1公尺)。相對濕度87%。', '2020-08-30 16:44:11'),
(2096, 3, '2020-08-31 09:00:00', '2020-08-31 12:00:00', '多雲。降雨機率 20%。溫度攝氏30度。悶熱。偏西風 平均風速<= 1級(每秒2公尺)。相對濕度76%。', '2020-08-30 16:44:11'),
(2097, 3, '2020-08-31 12:00:00', '2020-08-31 15:00:00', '午後短暫雷陣雨。降雨機率 60%。溫度攝氏33度。易中暑。西北風 平均風速<= 1級(每秒1公尺)。相對濕度68%。', '2020-08-30 16:44:11'),
(2098, 3, '2020-08-31 15:00:00', '2020-08-31 18:00:00', '午後短暫雷陣雨。降雨機率 60%。溫度攝氏32度。易中暑。偏南風 平均風速1-2級(每秒2公尺)。相對濕度76%。', '2020-08-30 16:44:11'),
(2099, 3, '2020-08-31 18:00:00', '2020-08-31 21:00:00', '陰。降雨機率 10%。溫度攝氏29度。悶熱。西北風 平均風速<= 1級(每秒1公尺)。相對濕度88%。', '2020-08-30 16:44:11'),
(2100, 3, '2020-08-31 21:00:00', '2020-09-01 00:00:00', '多雲。降雨機率 10%。溫度攝氏27度。悶熱。西南風 平均風速<= 1級(每秒0公尺)。相對濕度90%。', '2020-08-30 16:44:11'),
(2101, 3, '2020-09-01 00:00:00', '2020-09-01 03:00:00', '多雲。降雨機率 10%。溫度攝氏26度。舒適。西南風 平均風速<= 1級(每秒0公尺)。相對濕度90%。', '2020-08-30 16:44:11'),
(2102, 3, '2020-09-01 03:00:00', '2020-09-01 06:00:00', '多雲。降雨機率 10%。溫度攝氏25度。舒適。西南風 平均風速<= 1級(每秒0公尺)。相對濕度91%。', '2020-08-30 16:44:11'),
(2103, 3, '2020-09-01 06:00:00', '2020-09-01 09:00:00', '多雲。降雨機率 10%。溫度攝氏25度。舒適。西南風 平均風速<= 1級(每秒0公尺)。相對濕度89%。', '2020-08-30 16:44:11'),
(2104, 3, '2020-09-01 09:00:00', '2020-09-01 12:00:00', '多雲。降雨機率 10%。溫度攝氏30度。悶熱。西北風 平均風速1-2級(每秒2公尺)。相對濕度76%。', '2020-08-30 16:44:11'),
(2105, 3, '2020-09-01 12:00:00', '2020-09-01 15:00:00', '多雲。降雨機率 20%。溫度攝氏33度。悶熱。偏北風 平均風速<= 1級(每秒2公尺)。相對濕度60%。', '2020-08-30 16:44:11'),
(2106, 3, '2020-09-01 15:00:00', '2020-09-01 18:00:00', '多雲。降雨機率 20%。溫度攝氏33度。悶熱。西北風 平均風速1-2級(每秒2公尺)。相對濕度63%。', '2020-08-30 16:44:11'),
(2107, 3, '2020-09-01 18:00:00', '2020-09-01 21:00:00', '多雲。降雨機率 10%。溫度攝氏29度。悶熱。西北風 平均風速<= 1級(每秒2公尺)。相對濕度84%。', '2020-08-30 16:44:11'),
(2108, 3, '2020-09-01 21:00:00', '2020-09-02 00:00:00', '多雲。降雨機率 10%。溫度攝氏27度。悶熱。偏東風 平均風速<= 1級(每秒1公尺)。相對濕度91%。', '2020-08-30 16:44:11'),
(2109, 3, '2020-09-02 00:00:00', '2020-09-02 03:00:00', '短暫陣雨。降雨機率 30%。溫度攝氏26度。悶熱。東南風 平均風速<= 1級(每秒2公尺)。相對濕度89%。', '2020-08-30 16:44:11'),
(2110, 3, '2020-09-02 03:00:00', '2020-09-02 06:00:00', '短暫陣雨。降雨機率 30%。溫度攝氏26度。舒適。偏南風 平均風速1-2級(每秒2公尺)。相對濕度84%。', '2020-08-30 16:44:11'),
(2111, 3, '2020-09-02 06:00:00', '2020-09-02 09:00:00', '短暫陣雨。溫度攝氏25度。舒適。西南風 平均風速1-2級(每秒2公尺)。相對濕度79%。', '2020-08-30 16:44:11'),
(2112, 3, '2020-09-02 09:00:00', '2020-09-02 12:00:00', '短暫陣雨。溫度攝氏29度。悶熱。偏南風 平均風速1-2級(每秒2公尺)。相對濕度75%。', '2020-08-30 16:44:11');

-- --------------------------------------------------------

--
-- Table structure for table `weather36h`
--

CREATE TABLE `weather36h` (
  `weather36hId` int NOT NULL,
  `countryId` int NOT NULL,
  `startTime` datetime NOT NULL,
  `endTime` datetime NOT NULL,
  `weather` varchar(20) NOT NULL,
  `minT` int NOT NULL,
  `maxT` int NOT NULL,
  `rainfall` int NOT NULL,
  `storeDate` datetime NOT NULL,
  `cicurrent` varchar(20) DEFAULT NULL
) ENGINE=InnoDB DEFAULT CHARSET=utf8mb4 COLLATE=utf8mb4_0900_ai_ci;

--
-- Dumping data for table `weather36h`
--

INSERT INTO `weather36h` (`weather36hId`, `countryId`, `startTime`, `endTime`, `weather`, `minT`, `maxT`, `rainfall`, `storeDate`, `cicurrent`) VALUES
(45, 1, '2020-08-30 06:00:00', '2020-08-30 18:00:00', '多雲午後短暫雷陣雨', 26, 33, 50, '2020-08-30 09:32:13', '舒適至易中暑'),
(46, 2, '2020-08-30 06:00:00', '2020-08-30 18:00:00', '多雲短暫陣雨', 27, 34, 40, '2020-08-30 09:32:13', '舒適至易中暑'),
(47, 3, '2020-08-30 06:00:00', '2020-08-30 18:00:00', '晴午後短暫雷陣雨', 24, 35, 70, '2020-08-30 09:32:13', '舒適至易中暑'),
(48, 4, '2020-08-30 06:00:00', '2020-08-30 18:00:00', '晴時多雲', 26, 34, 20, '2020-08-30 09:32:13', '舒適至悶熱'),
(49, 5, '2020-08-30 06:00:00', '2020-08-30 18:00:00', '晴時多雲', 26, 34, 20, '2020-08-30 09:32:13', '舒適至悶熱'),
(50, 6, '2020-08-30 06:00:00', '2020-08-30 18:00:00', '多雲短暫陣雨', 26, 33, 40, '2020-08-30 09:32:13', '舒適至悶熱'),
(51, 7, '2020-08-30 06:00:00', '2020-08-30 18:00:00', '多雲午後短暫雷陣雨', 27, 33, 50, '2020-08-30 09:32:13', '悶熱至易中暑'),
(52, 8, '2020-08-30 06:00:00', '2020-08-30 18:00:00', '多雲短暫陣雨', 26, 33, 40, '2020-08-30 09:32:13', '舒適至易中暑'),
(53, 9, '2020-08-30 06:00:00', '2020-08-30 18:00:00', '晴時多雲', 26, 33, 20, '2020-08-30 09:32:13', '舒適至易中暑'),
(54, 10, '2020-08-30 06:00:00', '2020-08-30 18:00:00', '晴午後短暫雷陣雨', 25, 34, 60, '2020-08-30 09:32:13', '舒適至易中暑'),
(55, 11, '2020-08-30 06:00:00', '2020-08-30 18:00:00', '晴時多雲', 26, 33, 20, '2020-08-30 09:32:13', '舒適至悶熱'),
(56, 12, '2020-08-30 06:00:00', '2020-08-30 18:00:00', '晴午後短暫雷陣雨', 26, 34, 50, '2020-08-30 09:32:13', '舒適至易中暑'),
(57, 13, '2020-08-30 06:00:00', '2020-08-30 18:00:00', '晴時多雲', 26, 32, 20, '2020-08-30 09:32:13', '舒適至悶熱'),
(58, 14, '2020-08-30 06:00:00', '2020-08-30 18:00:00', '多雲短暫陣雨', 26, 34, 40, '2020-08-30 09:32:13', '舒適至易中暑'),
(59, 15, '2020-08-30 06:00:00', '2020-08-30 18:00:00', '晴午後短暫雷陣雨', 25, 33, 70, '2020-08-30 09:32:13', '舒適至易中暑'),
(60, 16, '2020-08-30 06:00:00', '2020-08-30 18:00:00', '晴午後短暫雷陣雨', 27, 32, 70, '2020-08-30 09:32:13', '舒適至悶熱'),
(61, 17, '2020-08-30 06:00:00', '2020-08-30 18:00:00', '晴時多雲', 27, 35, 10, '2020-08-30 09:32:13', '舒適至悶熱'),
(62, 18, '2020-08-30 06:00:00', '2020-08-30 18:00:00', '晴午後短暫雷陣雨', 25, 33, 90, '2020-08-30 09:32:13', '舒適至易中暑'),
(63, 19, '2020-08-30 06:00:00', '2020-08-30 18:00:00', '多雲短暫陣雨', 26, 31, 70, '2020-08-30 09:32:13', '舒適至悶熱'),
(64, 20, '2020-08-30 06:00:00', '2020-08-30 18:00:00', '晴時多雲', 27, 33, 10, '2020-08-30 09:32:13', '悶熱至易中暑'),
(65, 21, '2020-08-30 06:00:00', '2020-08-30 18:00:00', '晴午後短暫雷陣雨', 26, 34, 30, '2020-08-30 09:32:13', '舒適至易中暑'),
(66, 22, '2020-08-30 06:00:00', '2020-08-30 18:00:00', '多雲短暫陣雨', 27, 33, 30, '2020-08-30 09:32:13', '舒適至易中暑'),
(309, 1, '2020-08-30 12:00:00', '2020-08-30 18:00:00', '多雲午後短暫雷陣雨', 30, 33, 50, '2020-08-30 16:28:25', '悶熱至易中暑'),
(310, 2, '2020-08-30 12:00:00', '2020-08-30 18:00:00', '晴時多雲', 31, 34, 10, '2020-08-30 16:28:25', '悶熱'),
(311, 3, '2020-08-30 12:00:00', '2020-08-30 18:00:00', '多雲午後短暫雷陣雨', 29, 35, 70, '2020-08-30 16:28:25', '悶熱至易中暑'),
(312, 4, '2020-08-30 12:00:00', '2020-08-30 18:00:00', '多雲短暫陣雨', 31, 34, 30, '2020-08-30 16:28:25', '悶熱'),
(313, 5, '2020-08-30 12:00:00', '2020-08-30 18:00:00', '晴時多雲', 31, 34, 10, '2020-08-30 16:28:25', '悶熱'),
(314, 6, '2020-08-30 12:00:00', '2020-08-30 18:00:00', '晴時多雲', 30, 34, 10, '2020-08-30 16:28:25', '悶熱'),
(315, 7, '2020-08-30 12:00:00', '2020-08-30 18:00:00', '多雲午後短暫雷陣雨', 30, 33, 50, '2020-08-30 16:28:25', '悶熱'),
(316, 8, '2020-08-30 12:00:00', '2020-08-30 18:00:00', '晴時多雲', 30, 34, 10, '2020-08-30 16:28:25', '悶熱至易中暑'),
(317, 9, '2020-08-30 12:00:00', '2020-08-30 18:00:00', '多雲短暫陣雨', 30, 33, 30, '2020-08-30 16:28:25', '悶熱至易中暑'),
(318, 10, '2020-08-30 12:00:00', '2020-08-30 18:00:00', '多雲午後短暫雷陣雨', 29, 34, 60, '2020-08-30 16:28:25', '悶熱至易中暑'),
(319, 11, '2020-08-30 12:00:00', '2020-08-30 18:00:00', '晴時多雲', 30, 33, 20, '2020-08-30 16:28:25', '悶熱'),
(320, 12, '2020-08-30 12:00:00', '2020-08-30 18:00:00', '多雲午後短暫雷陣雨', 31, 34, 50, '2020-08-30 16:28:25', '悶熱至易中暑'),
(321, 13, '2020-08-30 12:00:00', '2020-08-30 18:00:00', '晴時多雲', 30, 32, 20, '2020-08-30 16:28:25', '悶熱'),
(322, 14, '2020-08-30 12:00:00', '2020-08-30 18:00:00', '晴時多雲', 31, 34, 10, '2020-08-30 16:28:25', '悶熱'),
(323, 15, '2020-08-30 12:00:00', '2020-08-30 18:00:00', '多雲午後短暫雷陣雨', 30, 33, 70, '2020-08-30 16:28:25', '悶熱'),
(324, 16, '2020-08-30 12:00:00', '2020-08-30 18:00:00', '多雲午後短暫雷陣雨', 30, 32, 70, '2020-08-30 16:28:25', '悶熱'),
(325, 17, '2020-08-30 12:00:00', '2020-08-30 18:00:00', '晴時多雲', 31, 35, 10, '2020-08-30 16:28:25', '悶熱'),
(326, 18, '2020-08-30 12:00:00', '2020-08-30 18:00:00', '多雲午後短暫雷陣雨', 29, 33, 90, '2020-08-30 16:28:25', '悶熱至易中暑'),
(327, 19, '2020-08-30 12:00:00', '2020-08-30 18:00:00', '晴時多雲', 29, 31, 10, '2020-08-30 16:28:25', '悶熱'),
(328, 20, '2020-08-30 12:00:00', '2020-08-30 18:00:00', '晴時多雲', 29, 33, 10, '2020-08-30 16:28:25', '悶熱至易中暑'),
(329, 21, '2020-08-30 12:00:00', '2020-08-30 18:00:00', '多雲', 31, 34, 20, '2020-08-30 16:28:25', '悶熱至易中暑'),
(330, 22, '2020-08-30 12:00:00', '2020-08-30 18:00:00', '多雲短暫陣雨', 28, 31, 30, '2020-08-30 16:28:25', '悶熱');

--
-- Indexes for dumped tables
--

--
-- Indexes for table `countries`
--
ALTER TABLE `countries`
  ADD PRIMARY KEY (`countryId`);

--
-- Indexes for table `weather1w`
--
ALTER TABLE `weather1w`
  ADD PRIMARY KEY (`weather1wId`);

--
-- Indexes for table `weather2d`
--
ALTER TABLE `weather2d`
  ADD PRIMARY KEY (`weather2dId`);

--
-- Indexes for table `weather36h`
--
ALTER TABLE `weather36h`
  ADD PRIMARY KEY (`weather36hId`),
  ADD KEY `fk_countries_weather36h` (`countryId`);

--
-- AUTO_INCREMENT for dumped tables
--

--
-- AUTO_INCREMENT for table `countries`
--
ALTER TABLE `countries`
  MODIFY `countryId` int NOT NULL AUTO_INCREMENT, AUTO_INCREMENT=23;

--
-- AUTO_INCREMENT for table `weather1w`
--
ALTER TABLE `weather1w`
  MODIFY `weather1wId` int NOT NULL AUTO_INCREMENT, AUTO_INCREMENT=309;

--
-- AUTO_INCREMENT for table `weather2d`
--
ALTER TABLE `weather2d`
  MODIFY `weather2dId` int NOT NULL AUTO_INCREMENT, AUTO_INCREMENT=2113;

--
-- AUTO_INCREMENT for table `weather36h`
--
ALTER TABLE `weather36h`
  MODIFY `weather36hId` int NOT NULL AUTO_INCREMENT, AUTO_INCREMENT=331;

--
-- Constraints for dumped tables
--

--
-- Constraints for table `weather36h`
--
ALTER TABLE `weather36h`
  ADD CONSTRAINT `fk_countries_weather36h` FOREIGN KEY (`countryId`) REFERENCES `countries` (`countryId`) ON DELETE CASCADE ON UPDATE CASCADE;
COMMIT;

/*!40101 SET CHARACTER_SET_CLIENT=@OLD_CHARACTER_SET_CLIENT */;
/*!40101 SET CHARACTER_SET_RESULTS=@OLD_CHARACTER_SET_RESULTS */;
/*!40101 SET COLLATION_CONNECTION=@OLD_COLLATION_CONNECTION */;
